Flight_ID,Flight_Price
F45001,632.13257
F45002,927.9886
F45003,563.85736
F45004,551.8448
F45005,646.0638
F45006,551.8122
F45007,464.7744
F45008,896.80664
F45009,646.1545
F45010,333.13153
F45011,656.0815
F45012,617.53
F45013,772.1656
F45014,664.1698
F45015,476.27704
F45016,740.23535
F45017,484.95578
F45018,466.93127
F45019,461.72223
F45020,763.24536
F45021,305.79248
F45022,902.7225
F45023,904.6823
F45024,834.5693
F45025,629.4959
F45026,316.4865
F45027,613.6638
F45028,575.44714
F45029,574.02124
F45030,554.8735
F45031,574.4129
F45032,378.374
F45033,420.81528
F45034,740.74927
F45035,902.97406
F45036,668.67993
F45037,974.1912
F45038,382.4568
F45039,420.94324
F45040,880.4005
F45041,479.57275
F45042,401.04993
F45043,576.9393
F45044,595.55054
F45045,571.4512
F45046,641.594
F45047,515.0101
F45048,587.8099
F45049,543.17444
F45050,642.9077
F45051,760.8285
F45052,407.07404
F45053,861.6455
F45054,677.0299
F45055,730.71185
F45056,304.48346
F45057,452.3391
F45058,603.5086
F45059,648.32263
F45060,291.83725
F45061,490.1592
F45062,585.65784
F45063,697.6181
F45064,753.9652
F45065,594.13763
F45066,624.4509
F45067,677.7001
F45068,395.48334
F45069,299.32983
F45070,948.9904
F45071,464.81638
F45072,821.29736
F45073,621.36926
F45074,974.16064
F45075,538.9109
F45076,827.8197
F45077,716.0436
F45078,623.6281
F45079,397.28333
F45080,620.0497
F45081,751.6086
F45082,509.7085
F45083,570.3355
F45084,715.6394
F45085,487.82407
F45086,392.55087
F45087,399.17407
F45088,661.6231
F45089,565.32825
F45090,586.3269
F45091,430.5576
F45092,690.98615
F45093,777.5064
F45094,543.5733
F45095,609.4506
F45096,664.3021
F45097,782.3929
F45098,681.3831
F45099,588.67096
F45100,444.09897
F45101,748.0473
F45102,758.9786
F45103,995.04767
F45104,765.6397
F45105,612.2021
F45106,698.08673
F45107,654.08185
F45108,730.1135
F45109,419.2747
F45110,871.541
F45111,543.38336
F45112,606.339
F45113,632.5962
F45114,758.23645
F45115,652.544
F45116,516.1101
F45117,457.90656
F45118,427.06058
F45119,337.1626
F45120,400.13052
F45121,469.6485
F45122,900.8515
F45123,1055.7064
F45124,638.9202
F45125,561.4251
F45126,678.71936
F45127,336.68222
F45128,402.17157
F45129,705.1088
F45130,737.0823
F45131,290.33298
F45132,654.18695
F45133,735.92426
F45134,413.7889
F45135,482.86035
F45136,660.2389
F45137,703.7495
F45138,361.2398
F45139,703.9292
F45140,524.7888
F45141,213.04803
F45142,574.19574
F45143,331.2946
F45144,712.09045
F45145,483.91022
F45146,630.40216
F45147,738.2415
F45148,721.13916
F45149,708.3595
F45150,471.87567
F45151,358.66098
F45152,709.1094
F45153,696.94476
F45154,278.51273
F45155,494.99554
F45156,459.4905
F45157,509.94693
F45158,632.0567
F45159,373.25732
F45160,640.1128
F45161,453.7641
F45162,628.13715
F45163,698.82434
F45164,381.0053
F45165,703.95135
F45166,430.1031
F45167,263.65457
F45168,600.5173
F45169,631.3894
F45170,423.6162
F45171,442.81717
F45172,563.9659
F45173,460.39737
F45174,354.2682
F45175,671.0037
F45176,469.08115
F45177,626.3657
F45178,448.9159
F45179,519.2277
F45180,751.36664
F45181,804.4474
F45182,892.841
F45183,766.6108
F45184,724.54614
F45185,398.91388
F45186,591.80695
F45187,486.38904
F45188,472.97342
F45189,722.5287
F45190,625.299
F45191,399.93018
F45192,709.52075
F45193,464.3781
F45194,378.80344
F45195,791.3343
F45196,328.7792
F45197,474.9218
F45198,587.21136
F45199,307.50757
F45200,746.8792
F45201,704.4899
F45202,868.13947
F45203,476.80316
F45204,298.48285
F45205,402.46967
F45206,631.0494
F45207,616.51404
F45208,654.8689
F45209,786.19946
F45210,549.061
F45211,635.01715
F45212,400.42944
F45213,370.83313
F45214,423.55872
F45215,535.92017
F45216,530.1702
F45217,613.8208
F45218,490.8178
F45219,390.4477
F45220,688.9207
F45221,572.3195
F45222,375.41058
F45223,532.6614
F45224,742.68555
F45225,616.04694
F45226,255.06393
F45227,416.95737
F45228,620.92926
F45229,601.0465
F45230,703.16
F45231,345.2862
F45232,666.2345
F45233,626.63855
F45234,414.3903
F45235,291.80762
F45236,604.05676
F45237,639.8369
F45238,479.50134
F45239,444.1992
F45240,409.22366
F45241,503.9925
F45242,436.5373
F45243,794.0104
F45244,376.86432
F45245,769.4219
F45246,355.41068
F45247,641.8308
F45248,598.1118
F45249,696.2679
F45250,774.13153
F45251,563.4995
F45252,674.7013
F45253,367.19644
F45254,532.96716
F45255,380.6273
F45256,661.3607
F45257,814.3166
F45258,939.35266
F45259,439.1508
F45260,665.7025
F45261,578.0887
F45262,618.24133
F45263,701.87646
F45264,614.0113
F45265,504.69052
F45266,487.83978
F45267,252.47443
F45268,412.97632
F45269,424.88058
F45270,466.74023
F45271,553.07434
F45272,389.1039
F45273,495.37448
F45274,634.8394
F45275,604.2387
F45276,375.25903
F45277,907.82635
F45278,542.9505
F45279,677.57385
F45280,617.95184
F45281,378.49167
F45282,686.61426
F45283,548.56714
F45284,571.5542
F45285,684.78015
F45286,390.5312
F45287,731.51276
F45288,708.0392
F45289,613.8695
F45290,495.06082
F45291,574.6157
F45292,645.4558
F45293,447.58664
F45294,692.777
F45295,672.18884
F45296,384.38953
F45297,498.92197
F45298,1016.64777
F45299,435.717
F45300,342.4856
F45301,418.57434
F45302,740.8909
F45303,463.08615
F45304,376.44162
F45305,673.049
F45306,474.41385
F45307,830.1683
F45308,505.53354
F45309,485.92358
F45310,538.13696
F45311,1095.6305
F45312,284.72504
F45313,749.6233
F45314,668.17163
F45315,570.39136
F45316,326.06888
F45317,806.27545
F45318,732.99347
F45319,875.50964
F45320,617.5127
F45321,486.44113
F45322,516.49133
F45323,623.65704
F45324,353.56113
F45325,519.9192
F45326,744.4329
F45327,611.9598
F45328,585.9815
F45329,581.05914
F45330,377.42017
F45331,581.998
F45332,681.6841
F45333,651.5897
F45334,441.7978
F45335,872.98267
F45336,552.10223
F45337,530.8058
F45338,495.60052
F45339,657.2763
F45340,404.77652
F45341,501.06815
F45342,851.39386
F45343,473.68997
F45344,590.16
F45345,531.6792
F45346,394.86032
F45347,928.1226
F45348,294.1617
F45349,269.87485
F45350,453.61322
F45351,841.6365
F45352,405.2942
F45353,653.2915
F45354,574.6548
F45355,405.9883
F45356,639.1219
F45357,499.96912
F45358,491.25204
F45359,442.507
F45360,834.7672
F45361,418.93127
F45362,386.62842
F45363,554.9584
F45364,748.66455
F45365,389.5815
F45366,339.50287
F45367,898.73236
F45368,416.30597
F45369,630.80084
F45370,606.2909
F45371,668.1666
F45372,481.68414
F45373,580.92615
F45374,629.29395
F45375,606.80896
F45376,541.29706
F45377,627.41254
F45378,432.18994
F45379,539.54877
F45380,653.11316
F45381,323.20883
F45382,850.41943
F45383,631.3014
F45384,814.6131
F45385,656.8873
F45386,598.1499
F45387,535.2817
F45388,586.67694
F45389,369.09747
F45390,488.20236
F45391,363.06265
F45392,545.8855
F45393,629.816
F45394,726.53687
F45395,543.184
F45396,556.0577
F45397,686.19745
F45398,768.432
F45399,568.27673
F45400,640.4706
F45401,452.46124
F45402,649.0589
F45403,572.12494
F45404,422.81427
F45405,595.31836
F45406,928.89087
F45407,652.2544
F45408,631.0181
F45409,540.18994
F45410,951.87714
F45411,701.6636
F45412,680.71173
F45413,351.53952
F45414,656.0206
F45415,587.4397
F45416,664.3421
F45417,404.60953
F45418,520.4656
F45419,883.50323
F45420,791.7625
F45421,610.80676
F45422,431.4276
F45423,470.7171
F45424,577.39923
F45425,511.20593
F45426,458.63278
F45427,925.64343
F45428,351.59363
F45429,525.6328
F45430,640.6622
F45431,502.33072
F45432,268.27548
F45433,598.36487
F45434,433.23654
F45435,530.83386
F45436,694.22815
F45437,338.15173
F45438,517.5745
F45439,438.04562
F45440,842.5382
F45441,684.6195
F45442,630.1715
F45443,737.3744
F45444,983.9952
F45445,489.44794
F45446,902.67377
F45447,568.4381
F45448,499.00204
F45449,680.19995
F45450,533.0789
F45451,440.7362
F45452,372.34445
F45453,1081.1603
F45454,330.70746
F45455,474.84634
F45456,655.9864
F45457,532.9293
F45458,612.1678
F45459,392.03134
F45460,491.51144
F45461,815.04047
F45462,633.6582
F45463,710.7452
F45464,446.00452
F45465,556.7106
F45466,506.34906
F45467,413.54666
F45468,447.35846
F45469,661.5339
F45470,646.06775
F45471,704.52545
F45472,657.00964
F45473,531.8264
F45474,392.28806
F45475,770.86615
F45476,1048.2014
F45477,466.42023
F45478,586.478
F45479,368.9653
F45480,343.5336
F45481,480.46515
F45482,722.68756
F45483,560.19415
F45484,515.28467
F45485,898.05725
F45486,576.5943
F45487,609.8047
F45488,338.70166
F45489,578.80884
F45490,367.84818
F45491,509.3918
F45492,592.1893
F45493,478.41452
F45494,462.53284
F45495,473.22568
F45496,699.82196
F45497,485.62027
F45498,605.83527
F45499,747.9175
F45500,375.28903
F45501,289.1336
F45502,614.2678
F45503,425.55966
F45504,512.1901
F45505,584.55835
F45506,401.6581
F45507,530.41223
F45508,314.76166
F45509,504.37308
F45510,462.95514
F45511,870.433
F45512,519.791
F45513,656.42456
F45514,451.3681
F45515,576.77045
F45516,513.00604
F45517,700.7363
F45518,647.1445
F45519,292.39236
F45520,379.0802
F45521,712.00366
F45522,744.86194
F45523,798.3578
F45524,726.36664
F45525,341.98798
F45526,588.71814
F45527,605.26843
F45528,717.18835
F45529,688.24963
F45530,322.486
F45531,413.83228
F45532,592.52295
F45533,706.47577
F45534,473.6767
F45535,663.1561
F45536,691.44727
F45537,396.54605
F45538,531.53296
F45539,612.23956
F45540,419.8772
F45541,523.3429
F45542,480.11743
F45543,770.0629
F45544,626.40186
F45545,489.75497
F45546,683.7611
F45547,376.5155
F45548,746.4871
F45549,249.88342
F45550,400.82822
F45551,375.4606
F45552,719.50665
F45553,625.4394
F45554,296.01596
F45555,831.65857
F45556,465.47134
F45557,717.8392
F45558,650.0136
F45559,630.47906
F45560,701.9895
F45561,407.60074
F45562,714.2193
F45563,986.2365
F45564,836.5974
F45565,401.34308
F45566,407.05316
F45567,872.2684
F45568,349.29498
F45569,682.5374
F45570,409.59076
F45571,414.38773
F45572,843.0856
F45573,592.1016
F45574,650.9141
F45575,496.7514
F45576,528.2603
F45577,323.99274
F45578,522.57477
F45579,562.4627
F45580,591.08295
F45581,410.89246
F45582,962.51373
F45583,478.9676
F45584,747.0769
F45585,427.36523
F45586,518.1092
F45587,521.4746
F45588,861.44415
F45589,718.9358
F45590,652.6051
F45591,607.6357
F45592,905.37366
F45593,975.70374
F45594,574.49426
F45595,672.37225
F45596,564.2711
F45597,839.45935
F45598,475.06885
F45599,249.34178
F45600,598.9495
F45601,556.0698
F45602,500.3725
F45603,834.03735
F45604,663.85443
F45605,584.571
F45606,474.3624
F45607,816.35406
F45608,427.1496
F45609,336.2173
F45610,500.66107
F45611,857.5995
F45612,375.73834
F45613,344.60776
F45614,963.9161
F45615,600.2179
F45616,557.47504
F45617,927.1478
F45618,716.86774
F45619,501.70255
F45620,351.04385
F45621,646.081
F45622,742.9439
F45623,691.0541
F45624,523.0784
F45625,543.27496
F45626,623.7571
F45627,509.99182
F45628,935.5678
F45629,339.31723
F45630,457.19275
F45631,726.1549
F45632,574.30133
F45633,620.8655
F45634,373.60968
F45635,664.4659
F45636,397.8306
F45637,408.2825
F45638,349.46664
F45639,707.22894
F45640,611.74524
F45641,458.00568
F45642,598.23663
F45643,290.94882
F45644,341.09882
F45645,707.1884
F45646,456.54224
F45647,544.95514
F45648,725.8553
F45649,1119.8412
F45650,518.5999
F45651,473.2775
F45652,540.93805
F45653,289.26627
F45654,540.5747
F45655,548.7703
F45656,891.0355
F45657,773.14984
F45658,720.7611
F45659,749.9683
F45660,469.28403
F45661,432.23145
F45662,335.28378
F45663,652.6231
F45664,413.08142
F45665,677.918
F45666,842.7382
F45667,593.3377
F45668,439.99664
F45669,606.0062
F45670,345.89792
F45671,560.33026
F45672,444.15314
F45673,528.8533
F45674,347.28397
F45675,438.47656
F45676,319.28156
F45677,539.7468
F45678,856.1089
F45679,562.1624
F45680,462.23044
F45681,632.3122
F45682,555.7643
F45683,400.88992
F45684,763.486
F45685,507.94757
F45686,692.17535
F45687,544.27295
F45688,573.617
F45689,533.3679
F45690,465.94073
F45691,450.51556
F45692,719.71387
F45693,360.62714
F45694,745.4525
F45695,709.664
F45696,444.10318
F45697,383.20966
F45698,523.57074
F45699,675.63184
F45700,377.29822
F45701,355.36996
F45702,692.02136
F45703,708.61
F45704,448.40295
F45705,845.15955
F45706,694.02563
F45707,358.7659
F45708,518.90924
F45709,462.97348
F45710,340.0116
F45711,898.18207
F45712,589.20306
F45713,473.9811
F45714,607.25543
F45715,309.7183
F45716,595.3062
F45717,520.623
F45718,459.44855
F45719,654.1124
F45720,538.1682
F45721,742.3605
F45722,682.7087
F45723,568.5964
F45724,887.1536
F45725,347.59912
F45726,280.6447
F45727,479.9205
F45728,683.71796
F45729,551.14655
F45730,701.36365
F45731,556.7016
F45732,427.6683
F45733,579.8068
F45734,466.97775
F45735,471.68005
F45736,676.76025
F45737,721.0723
F45738,661.3041
F45739,641.6521
F45740,584.20703
F45741,427.67972
F45742,506.73428
F45743,523.20447
F45744,558.8896
F45745,605.67554
F45746,564.64374
F45747,389.67972
F45748,579.81323
F45749,695.5117
F45750,563.5723
F45751,374.97275
F45752,725.4138
F45753,464.48923
F45754,464.5861
F45755,366.8072
F45756,443.3223
F45757,628.8733
F45758,812.8566
F45759,428.35992
F45760,815.6604
F45761,475.82675
F45762,534.4799
F45763,660.6364
F45764,636.2276
F45765,572.00165
F45766,651.38715
F45767,636.0162
F45768,422.24533
F45769,637.8915
F45770,673.54126
F45771,353.9937
F45772,286.4085
F45773,344.67017
F45774,617.7321
F45775,560.3548
F45776,390.79407
F45777,620.4935
F45778,797.5666
F45779,756.5574
F45780,555.03156
F45781,673.4093
F45782,384.73322
F45783,376.93176
F45784,411.3456
F45785,249.38977
F45786,609.7504
F45787,646.8343
F45788,567.27454
F45789,616.2929
F45790,658.86444
F45791,422.50778
F45792,263.15598
F45793,350.19864
F45794,445.35373
F45795,575.2177
F45796,625.07227
F45797,365.24744
F45798,578.1677
F45799,437.4619
F45800,517.1299
F45801,553.9117
F45802,422.06067
F45803,396.39502
F45804,466.35538
F45805,660.4871
F45806,671.07007
F45807,567.6449
F45808,709.8636
F45809,375.9131
F45810,642.3085
F45811,537.7259
F45812,389.01505
F45813,399.58835
F45814,555.78937
F45815,840.57117
F45816,648.14905
F45817,408.4183
F45818,586.38983
F45819,511.79782
F45820,543.69714
F45821,503.56207
F45822,420.37357
F45823,514.7021
F45824,624.1373
F45825,664.9753
F45826,583.307
F45827,788.1145
F45828,631.8902
F45829,712.1078
F45830,719.55194
F45831,672.1597
F45832,1002.9594
F45833,567.8644
F45834,627.9003
F45835,455.89172
F45836,663.4598
F45837,352.733
F45838,390.85703
F45839,400.83112
F45840,818.1633
F45841,432.88303
F45842,390.68048
F45843,369.56857
F45844,504.8034
F45845,393.3211
F45846,733.8171
F45847,605.5163
F45848,562.2499
F45849,391.5766
F45850,693.2481
F45851,450.2686
F45852,724.8645
F45853,646.48615
F45854,544.5322
F45855,266.95508
F45856,862.80286
F45857,778.9127
F45858,608.6668
F45859,302.97946
F45860,634.22406
F45861,745.17065
F45862,414.51755
F45863,579.9432
F45864,679.39716
F45865,864.92053
F45866,301.21582
F45867,352.3764
F45868,701.1365
F45869,430.84683
F45870,458.5758
F45871,765.40826
F45872,529.43787
F45873,359.0345
F45874,532.7682
F45875,314.859
F45876,345.4357
F45877,449.17728
F45878,734.60504
F45879,580.2755
F45880,823.29175
F45881,786.436
F45882,1033.0145
F45883,608.9361
F45884,547.1322
F45885,885.1166
F45886,618.40735
F45887,639.07526
F45888,489.26956
F45889,405.2828
F45890,265.21664
F45891,382.2851
F45892,742.3183
F45893,548.59357
F45894,599.69745
F45895,428.69513
F45896,343.34967
F45897,807.2978
F45898,995.52966
F45899,356.87247
F45900,638.3151
F45901,469.96805
F45902,622.357
F45903,324.9592
F45904,768.8825
F45905,426.1085
F45906,480.8293
F45907,563.6414
F45908,440.32224
F45909,515.3471
F45910,363.6568
F45911,570.8046
F45912,696.34534
F45913,530.52814
F45914,432.67114
F45915,445.11145
F45916,779.75616
F45917,521.22076
F45918,713.5168
F45919,469.28894
F45920,700.89215
F45921,584.6155
F45922,496.5391
F45923,481.9973
F45924,661.66754
F45925,576.92267
F45926,622.1548
F45927,758.7477
F45928,418.63348
F45929,414.3417
F45930,470.5119
F45931,775.11786
F45932,419.6186
F45933,787.27527
F45934,592.9634
F45935,296.35526
F45936,642.1073
F45937,589.21375
F45938,800.45636
F45939,703.33264
F45940,848.6012
F45941,588.4988
F45942,550.7644
F45943,523.27905
F45944,368.99448
F45945,621.6028
F45946,633.77637
F45947,543.86255
F45948,881.03534
F45949,465.1744
F45950,482.06104
F45951,486.49826
F45952,574.74945
F45953,493.62292
F45954,585.9513
F45955,530.6045
F45956,653.26483
F45957,423.254
F45958,738.8603
F45959,443.8057
F45960,739.53595
F45961,722.8618
F45962,431.21817
F45963,942.0411
F45964,609.36035
F45965,510.26804
F45966,388.50253
F45967,615.79736
F45968,376.44705
F45969,378.01123
F45970,471.49017
F45971,515.8884
F45972,571.68164
F45973,618.6921
F45974,638.6074
F45975,448.58795
F45976,678.77466
F45977,637.8967
F45978,477.38547
F45979,532.62
F45980,718.26886
F45981,613.5239
F45982,523.3355
F45983,391.09915
F45984,691.58044
F45985,424.25095
F45986,395.85345
F45987,500.63867
F45988,598.1474
F45989,655.15576
F45990,610.17584
F45991,599.61035
F45992,883.0433
F45993,964.75574
F45994,495.01678
F45995,478.13904
F45996,766.0465
F45997,565.4572
F45998,871.5512
F45999,421.75336
F46000,808.19696
F46001,891.62244
F46002,712.358
F46003,420.62433
F46004,353.266
F46005,557.5008
F46006,633.05774
F46007,484.85196
F46008,603.4942
F46009,420.33536
F46010,710.4283
F46011,484.09476
F46012,716.22687
F46013,520.30865
F46014,705.3759
F46015,767.54395
F46016,647.76904
F46017,512.07025
F46018,465.7496
F46019,447.8626
F46020,645.80853
F46021,808.89764
F46022,335.0579
F46023,533.38727
F46024,393.44247
F46025,475.9429
F46026,537.12067
F46027,602.06555
F46028,773.4415
F46029,737.82916
F46030,419.56958
F46031,547.4988
F46032,447.22205
F46033,787.404
F46034,608.687
F46035,795.7481
F46036,629.38245
F46037,436.11496
F46038,414.19885
F46039,410.27902
F46040,692.55505
F46041,296.07166
F46042,541.39954
F46043,464.1324
F46044,523.4263
F46045,781.38196
F46046,392.3095
F46047,607.7806
F46048,385.86285
F46049,650.8487
F46050,409.10153
F46051,839.09015
F46052,681.2075
F46053,498.0529
F46054,709.23737
F46055,481.56546
F46056,256.85934
F46057,618.69977
F46058,738.9369
F46059,754.4045
F46060,672.6757
F46061,376.37335
F46062,732.393
F46063,443.65454
F46064,706.34906
F46065,761.3903
F46066,954.2131
F46067,505.30804
F46068,435.78674
F46069,454.02234
F46070,533.70154
F46071,598.7273
F46072,547.4118
F46073,411.41782
F46074,628.6715
F46075,523.876
F46076,768.67206
F46077,432.57654
F46078,531.422
F46079,676.41187
F46080,402.9936
F46081,463.44443
F46082,266.6253
F46083,383.43817
F46084,419.1523
F46085,777.97864
F46086,352.12518
F46087,402.32974
F46088,946.5787
F46089,626.34735
F46090,655.34827
F46091,585.7874
F46092,475.89935
F46093,803.74146
F46094,667.6123
F46095,485.8741
F46096,466.9922
F46097,384.39856
F46098,549.59906
F46099,461.88364
F46100,718.14545
F46101,850.1346
F46102,589.33606
F46103,582.76294
F46104,409.81628
F46105,682.6528
F46106,263.4418
F46107,390.1541
F46108,492.41223
F46109,652.08923
F46110,716.17584
F46111,455.584
F46112,604.28033
F46113,349.15875
F46114,671.2424
F46115,696.2666
F46116,544.815
F46117,264.85327
F46118,380.85507
F46119,566.13824
F46120,657.6219
F46121,522.8308
F46122,684.9267
F46123,530.05426
F46124,721.79724
F46125,747.64417
F46126,434.65692
F46127,499.55252
F46128,414.0394
F46129,485.8433
F46130,520.67645
F46131,565.41516
F46132,595.0989
F46133,427.93484
F46134,418.62277
F46135,695.93085
F46136,358.90067
F46137,569.02014
F46138,434.45212
F46139,437.91666
F46140,357.83423
F46141,454.9037
F46142,332.7288
F46143,583.0233
F46144,562.30145
F46145,573.3929
F46146,810.15497
F46147,695.49506
F46148,356.75992
F46149,432.39178
F46150,743.3895
F46151,854.25635
F46152,324.75385
F46153,311.42813
F46154,661.71277
F46155,550.9394
F46156,373.4868
F46157,434.82184
F46158,531.99115
F46159,751.95776
F46160,544.67834
F46161,948.7352
F46162,763.59705
F46163,381.09875
F46164,618.9161
F46165,472.8761
F46166,767.3325
F46167,555.44763
F46168,535.2618
F46169,661.71814
F46170,375.13193
F46171,876.6169
F46172,432.5722
F46173,759.9485
F46174,601.6901
F46175,579.6961
F46176,624.5939
F46177,878.38916
F46178,294.20706
F46179,353.12436
F46180,737.89215
F46181,431.98584
F46182,696.8907
F46183,400.3822
F46184,1020.9089
F46185,417.94592
F46186,514.2928
F46187,917.21796
F46188,529.65466
F46189,569.9053
F46190,442.87634
F46191,666.7024
F46192,814.70764
F46193,419.46194
F46194,491.40396
F46195,568.0028
F46196,854.8666
F46197,486.73547
F46198,664.1885
F46199,477.80692
F46200,699.8852
F46201,683.4392
F46202,737.682
F46203,428.4267
F46204,385.24075
F46205,674.88885
F46206,668.83624
F46207,654.8864
F46208,407.16684
F46209,512.26984
F46210,622.0956
F46211,528.8007
F46212,659.45233
F46213,491.33954
F46214,620.3027
F46215,448.92392
F46216,356.29785
F46217,652.5973
F46218,636.40625
F46219,777.8999
F46220,805.486
F46221,525.58264
F46222,925.0999
F46223,475.56042
F46224,525.0255
F46225,582.66016
F46226,527.6335
F46227,333.01248
F46228,343.6957
F46229,930.47485
F46230,481.95526
F46231,720.3413
F46232,672.5269
F46233,481.56363
F46234,531.36096
F46235,488.70572
F46236,512.0195
F46237,527.1844
F46238,503.92218
F46239,622.7534
F46240,515.18896
F46241,459.07962
F46242,670.1498
F46243,300.67047
F46244,432.63327
F46245,376.59042
F46246,596.6665
F46247,695.8418
F46248,486.68353
F46249,733.3775
F46250,640.85254
F46251,454.70764
F46252,478.49643
F46253,412.6915
F46254,750.0426
F46255,330.7159
F46256,757.5358
F46257,600.0417
F46258,545.96
F46259,598.07074
F46260,857.1481
F46261,278.71423
F46262,557.35785
F46263,917.6161
F46264,977.8632
F46265,641.9071
F46266,663.1807
F46267,344.3205
F46268,517.96545
F46269,405.3747
F46270,455.81308
F46271,533.8951
F46272,654.5749
F46273,427.97345
F46274,499.91937
F46275,734.0784
F46276,552.4182
F46277,526.3884
F46278,354.57455
F46279,715.915
F46280,458.7335
F46281,260.99207
F46282,581.7457
F46283,465.59338
F46284,581.4932
F46285,633.40576
F46286,442.85928
F46287,696.42267
F46288,558.6986
F46289,831.5284
F46290,418.10675
F46291,527.5547
F46292,837.919
F46293,490.52692
F46294,469.1628
F46295,393.23135
F46296,622.3478
F46297,612.2694
F46298,549.34064
F46299,499.32025
F46300,576.1615
F46301,646.6665
F46302,592.6331
F46303,518.6148
F46304,548.02655
F46305,333.08798
F46306,508.71832
F46307,404.4092
F46308,647.4684
F46309,763.0296
F46310,352.68665
F46311,384.7438
F46312,434.0343
F46313,563.128
F46314,589.92365
F46315,400.90836
F46316,548.11017
F46317,599.1076
F46318,654.63995
F46319,397.46655
F46320,770.19946
F46321,354.51395
F46322,770.5546
F46323,530.1427
F46324,294.13037
F46325,585.4894
F46326,399.5678
F46327,560.3083
F46328,707.5658
F46329,416.98105
F46330,482.77142
F46331,593.49304
F46332,957.65967
F46333,673.27765
F46334,451.61267
F46335,755.44226
F46336,537.8717
F46337,396.55566
F46338,311.6396
F46339,712.21326
F46340,541.9408
F46341,755.7069
F46342,852.2334
F46343,307.36548
F46344,666.8379
F46345,466.05716
F46346,569.3471
F46347,660.23096
F46348,439.59558
F46349,643.84686
F46350,320.48334
F46351,526.47894
F46352,503.9267
F46353,409.07782
F46354,626.365
F46355,583.4434
F46356,644.05695
F46357,568.28015
F46358,437.6275
F46359,222.41943
F46360,696.71716
F46361,505.70892
F46362,439.45773
F46363,456.3856
F46364,691.26324
F46365,343.20758
F46366,439.8226
F46367,716.43097
F46368,466.51364
F46369,757.98474
F46370,526.78186
F46371,496.23926
F46372,584.9108
F46373,580.9388
F46374,545.93933
F46375,581.2479
F46376,904.57983
F46377,702.3093
F46378,274.50772
F46379,608.3599
F46380,513.5028
F46381,621.29266
F46382,668.62085
F46383,542.3324
F46384,454.6697
F46385,523.15436
F46386,553.8827
F46387,495.38
F46388,701.79
F46389,607.89764
F46390,709.95306
F46391,434.65466
F46392,740.7518
F46393,647.0898
F46394,567.5895
F46395,613.41223
F46396,358.61462
F46397,358.52985
F46398,620.82135
F46399,538.59064
F46400,586.44617
F46401,661.7525
F46402,863.27783
F46403,363.50998
F46404,544.1922
F46405,596.65533
F46406,760.4002
F46407,873.2434
F46408,564.07825
F46409,666.71387
F46410,668.7838
F46411,675.0217
F46412,644.95667
F46413,746.8805
F46414,670.0252
F46415,582.3762
F46416,400.80453
F46417,813.7659
F46418,407.6182
F46419,581.2303
F46420,710.36163
F46421,476.2187
F46422,754.7211
F46423,310.8683
F46424,344.9351
F46425,744.05347
F46426,541.5255
F46427,769.9729
F46428,840.3423
F46429,407.00592
F46430,374.27814
F46431,736.87445
F46432,617.8041
F46433,529.1864
F46434,299.44113
F46435,423.54333
F46436,564.2606
F46437,559.77637
F46438,604.2165
F46439,797.2069
F46440,514.176
F46441,518.813
F46442,656.85724
F46443,584.2135
F46444,476.26468
F46445,547.2644
F46446,474.38058
F46447,702.5873
F46448,347.87268
F46449,548.15283
F46450,392.40527
F46451,778.0407
F46452,550.67224
F46453,762.9541
F46454,357.24695
F46455,487.3187
F46456,509.08615
F46457,483.98358
F46458,432.34665
F46459,767.0514
F46460,380.8865
F46461,735.9405
F46462,491.32913
F46463,1014.3119
F46464,279.55023
F46465,925.7051
F46466,740.7081
F46467,632.57904
F46468,678.87994
F46469,716.4661
F46470,390.7721
F46471,783.61725
F46472,626.4008
F46473,580.9828
F46474,686.8996
F46475,550.2588
F46476,606.5261
F46477,473.2252
F46478,575.03326
F46479,726.11285
F46480,492.6391
F46481,581.1643
F46482,792.79095
F46483,563.3216
F46484,547.80505
F46485,431.12146
F46486,398.6557
F46487,342.00375
F46488,612.8539
F46489,587.35443
F46490,610.1144
F46491,705.2974
F46492,548.46826
F46493,685.12494
F46494,747.09265
F46495,543.6716
F46496,389.0213
F46497,529.0543
F46498,646.5499
F46499,851.7937
F46500,544.8833
F46501,682.7586
F46502,556.104
F46503,524.643
F46504,458.4548
F46505,523.6921
F46506,577.25653
F46507,574.0855
F46508,731.8536
F46509,549.4794
F46510,816.0337
F46511,588.88745
F46512,308.7913
F46513,620.1075
F46514,840.5092
F46515,359.69525
F46516,421.8113
F46517,655.4149
F46518,560.7638
F46519,473.46054
F46520,321.65088
F46521,558.99225
F46522,526.41895
F46523,642.52155
F46524,640.9649
F46525,318.165
F46526,724.24316
F46527,549.38654
F46528,434.49536
F46529,644.6709
F46530,425.7237
F46531,246.62271
F46532,392.13345
F46533,492.43915
F46534,361.8746
F46535,764.93463
F46536,353.3281
F46537,476.38037
F46538,837.6712
F46539,592.03864
F46540,555.00226
F46541,459.55774
F46542,493.6627
F46543,592.268
F46544,631.4844
F46545,276.44604
F46546,580.53546
F46547,917.48834
F46548,734.04395
F46549,776.91156
F46550,387.49353
F46551,389.47797
F46552,355.38083
F46553,407.85425
F46554,424.60727
F46555,306.43674
F46556,763.04736
F46557,539.0593
F46558,635.93115
F46559,382.67297
F46560,650.28876
F46561,528.13574
F46562,465.39188
F46563,651.93286
F46564,721.3189
F46565,451.4442
F46566,793.0394
F46567,511.15033
F46568,295.3869
F46569,723.6657
F46570,789.8335
F46571,437.39206
F46572,527.91437
F46573,424.4373
F46574,590.7017
F46575,794.0141
F46576,958.74506
F46577,618.31744
F46578,536.6633
F46579,706.21704
F46580,720.2942
F46581,447.36182
F46582,393.34427
F46583,465.15442
F46584,572.26935
F46585,420.42252
F46586,326.0531
F46587,334.5709
F46588,493.69986
F46589,449.20767
F46590,500.9043
F46591,407.19016
F46592,556.6767
F46593,557.9813
F46594,535.0753
F46595,676.97473
F46596,364.05856
F46597,677.60596
F46598,561.99207
F46599,375.12704
F46600,592.3976
F46601,679.718
F46602,473.21457
F46603,357.22354
F46604,872.2305
F46605,688.4405
F46606,419.73218
F46607,635.0478
F46608,549.2852
F46609,725.769
F46610,569.7284
F46611,290.4214
F46612,485.50424
F46613,624.1118
F46614,303.8931
F46615,439.99548
F46616,748.3224
F46617,385.96588
F46618,294.38715
F46619,576.4392
F46620,699.0423
F46621,422.23398
F46622,498.90796
F46623,628.68256
F46624,640.0817
F46625,389.13184
F46626,522.2504
F46627,286.06235
F46628,540.83374
F46629,962.9497
F46630,721.90845
F46631,662.6466
F46632,400.7603
F46633,684.3725
F46634,586.5425
F46635,572.5877
F46636,448.56433
F46637,520.63367
F46638,520.5698
F46639,415.89008
F46640,567.9925
F46641,420.71744
F46642,695.6841
F46643,428.2688
F46644,651.1364
F46645,827.92316
F46646,747.363
F46647,451.6367
F46648,301.4995
F46649,523.9311
F46650,698.6634
F46651,515.9203
F46652,506.81918
F46653,334.44815
F46654,445.22446
F46655,432.1526
F46656,654.7712
F46657,722.0643
F46658,541.135
F46659,610.66315
F46660,844.9309
F46661,493.38995
F46662,649.15424
F46663,418.3018
F46664,672.6628
F46665,428.86804
F46666,557.9033
F46667,348.8645
F46668,532.17755
F46669,673.594
F46670,644.4454
F46671,823.576
F46672,643.36835
F46673,552.11053
F46674,393.67105
F46675,538.8562
F46676,429.99826
F46677,651.5253
F46678,746.84247
F46679,460.6003
F46680,555.18115
F46681,523.9186
F46682,613.28284
F46683,449.395
F46684,553.9644
F46685,648.949
F46686,462.58136
F46687,655.5022
F46688,655.7315
F46689,451.06268
F46690,829.798
F46691,642.0884
F46692,393.7011
F46693,294.62167
F46694,477.82315
F46695,772.4535
F46696,506.1071
F46697,589.8056
F46698,857.85736
F46699,773.9099
F46700,406.8056
F46701,478.0021
F46702,613.1
F46703,635.7978
F46704,525.5526
F46705,444.5539
F46706,548.0399
F46707,451.5685
F46708,852.0575
F46709,379.24426
F46710,618.8341
F46711,717.94586
F46712,782.5832
F46713,721.094
F46714,627.8155
F46715,423.6605
F46716,324.15253
F46717,672.74054
F46718,469.54095
F46719,512.1936
F46720,429.929
F46721,529.8822
F46722,403.25293
F46723,339.84024
F46724,620.0674
F46725,955.5134
F46726,693.1355
F46727,334.084
F46728,487.28354
F46729,786.43036
F46730,601.5856
F46731,677.05585
F46732,755.509
F46733,576.44946
F46734,607.1753
F46735,359.27658
F46736,528.7764
F46737,545.005
F46738,495.7961
F46739,651.4731
F46740,549.66156
F46741,658.21564
F46742,555.89105
F46743,685.272
F46744,309.7407
F46745,606.8739
F46746,415.74915
F46747,602.9107
F46748,905.393
F46749,526.97955
F46750,605.7696
F46751,364.0849
F46752,619.8646
F46753,511.4157
F46754,425.743
F46755,489.2612
F46756,534.4775
F46757,595.3995
F46758,543.5878
F46759,754.57666
F46760,612.51636
F46761,714.9275
F46762,585.52136
F46763,384.37415
F46764,408.61734
F46765,984.90326
F46766,493.21405
F46767,684.7643
F46768,505.1776
F46769,557.31274
F46770,389.21695
F46771,260.35052
F46772,274.14792
F46773,500.04312
F46774,819.67035
F46775,677.04266
F46776,894.4529
F46777,463.2683
F46778,723.9896
F46779,779.291
F46780,579.91113
F46781,455.35272
F46782,361.20343
F46783,697.3702
F46784,851.13947
F46785,284.29678
F46786,600.89044
F46787,730.23157
F46788,532.57684
F46789,419.223
F46790,484.90836
F46791,647.87994
F46792,646.3961
F46793,320.08078
F46794,358.68527
F46795,487.585
F46796,569.8093
F46797,632.2378
F46798,591.77057
F46799,566.1591
F46800,835.68396
F46801,387.54782
F46802,709.1587
F46803,623.042
F46804,749.8762
F46805,888.204
F46806,586.62964
F46807,689.87836
F46808,577.1709
F46809,498.1087
F46810,716.76514
F46811,701.467
F46812,730.11755
F46813,545.077
F46814,538.54517
F46815,573.0941
F46816,959.62427
F46817,474.00665
F46818,517.69543
F46819,428.21252
F46820,466.46106
F46821,926.72345
F46822,499.09793
F46823,481.70135
F46824,635.6829
F46825,677.1749
F46826,583.04724
F46827,477.9955
F46828,559.9046
F46829,414.91232
F46830,804.223
F46831,553.87787
F46832,626.1151
F46833,527.4875
F46834,711.2038
F46835,705.75146
F46836,504.62967
F46837,453.62946
F46838,783.3056
F46839,633.219
F46840,722.4535
F46841,577.8241
F46842,466.45068
F46843,401.06628
F46844,552.5258
F46845,526.0012
F46846,573.8058
F46847,617.7779
F46848,811.3037
F46849,588.0112
F46850,680.5106
F46851,760.7459
F46852,515.89075
F46853,848.0619
F46854,563.0809
F46855,511.631
F46856,723.2036
F46857,522.92
F46858,466.3033
F46859,628.8416
F46860,709.588
F46861,580.3613
F46862,449.87662
F46863,501.68195
F46864,374.57993
F46865,418.5753
F46866,416.25946
F46867,535.45703
F46868,745.4806
F46869,730.1758
F46870,464.5232
F46871,659.28485
F46872,556.108
F46873,611.61273
F46874,619.2165
F46875,365.09845
F46876,533.92896
F46877,491.40512
F46878,464.6563
F46879,227.6785
F46880,564.21515
F46881,614.43195
F46882,708.5456
F46883,746.6734
F46884,479.7548
F46885,256.53128
F46886,595.4632
F46887,409.1534
F46888,475.49243
F46889,669.0238
F46890,874.3604
F46891,310.05972
F46892,849.80347
F46893,881.3805
F46894,613.11035
F46895,650.08484
F46896,654.6399
F46897,525.2067
F46898,736.60895
F46899,481.59558
F46900,894.73376
F46901,734.89105
F46902,521.2968
F46903,640.4735
F46904,537.1586
F46905,341.3156
F46906,819.57556
F46907,682.72534
F46908,465.9073
F46909,602.0629
F46910,701.26935
F46911,758.6013
F46912,999.5034
F46913,468.27017
F46914,641.7403
F46915,804.5081
F46916,510.67847
F46917,720.71924
F46918,636.4026
F46919,670.9975
F46920,409.64856
F46921,347.502
F46922,340.6981
F46923,614.0458
F46924,427.65826
F46925,514.9071
F46926,425.08344
F46927,545.5084
F46928,676.04535
F46929,1041.7051
F46930,380.20004
F46931,965.1311
F46932,521.51935
F46933,667.20294
F46934,564.8767
F46935,874.7492
F46936,421.10638
F46937,581.93774
F46938,616.23553
F46939,903.81396
F46940,767.5946
F46941,533.24884
F46942,508.66144
F46943,453.93915
F46944,490.7266
F46945,496.3654
F46946,392.11267
F46947,328.29288
F46948,551.16736
F46949,638.64124
F46950,627.06165
F46951,848.9383
F46952,461.43137
F46953,648.0464
F46954,492.74603
F46955,736.5278
F46956,511.18912
F46957,989.66876
F46958,598.0366
F46959,922.2724
F46960,525.22125
F46961,866.10767
F46962,519.9297
F46963,539.83093
F46964,511.41043
F46965,564.4075
F46966,562.0769
F46967,347.48068
F46968,390.56622
F46969,724.1283
F46970,731.35925
F46971,619.244
F46972,826.16974
F46973,555.66547
F46974,465.1086
F46975,563.72614
F46976,503.70392
F46977,786.1634
F46978,994.82385
F46979,357.4461
F46980,724.4223
F46981,659.9749
F46982,807.4537
F46983,813.6169
F46984,979.40137
F46985,271.99686
F46986,577.1043
F46987,321.70102
F46988,564.35675
F46989,908.08154
F46990,433.28366
F46991,561.3361
F46992,586.54596
F46993,465.80502
F46994,578.7043
F46995,1000.34424
F46996,825.29443
F46997,781.79486
F46998,457.7016
F46999,870.60223
F47000,435.88315
F47001,460.9992
F47002,743.1972
F47003,483.516
F47004,401.73853
F47005,653.0172
F47006,872.1443
F47007,522.22644
F47008,433.0759
F47009,369.5619
F47010,406.69345
F47011,658.6097
F47012,425.82993
F47013,584.6552
F47014,423.0824
F47015,737.7821
F47016,583.06165
F47017,372.9318
F47018,504.29575
F47019,779.96545
F47020,497.40695
F47021,828.7819
F47022,367.91318
F47023,625.21906
F47024,530.14343
F47025,364.313
F47026,498.65042
F47027,839.7678
F47028,703.4604
F47029,421.40457
F47030,353.8867
F47031,536.4478
F47032,661.7902
F47033,823.10486
F47034,552.2842
F47035,318.32956
F47036,713.90247
F47037,576.2698
F47038,566.319
F47039,464.07153
F47040,898.4354
F47041,527.1389
F47042,431.12018
F47043,629.75085
F47044,564.6949
F47045,498.1655
F47046,578.9111
F47047,699.37823
F47048,485.40247
F47049,789.01697
F47050,873.43713
F47051,894.2947
F47052,504.73596
F47053,506.88983
F47054,599.51
F47055,844.8147
F47056,545.01776
F47057,801.26746
F47058,425.8306
F47059,437.21204
F47060,431.8817
F47061,488.50354
F47062,782.9197
F47063,261.689
F47064,613.1108
F47065,480.96423
F47066,343.67563
F47067,657.2538
F47068,541.4441
F47069,409.612
F47070,580.4332
F47071,878.43915
F47072,462.1883
F47073,500.98975
F47074,642.8886
F47075,427.92413
F47076,478.30975
F47077,877.5595
F47078,514.3082
F47079,1038.0654
F47080,469.8863
F47081,511.7847
F47082,434.7046
F47083,748.03406
F47084,644.86584
F47085,385.7323
F47086,804.739
F47087,418.07025
F47088,449.5753
F47089,765.7284
F47090,510.21054
F47091,656.0284
F47092,680.94556
F47093,456.2756
F47094,579.015
F47095,617.86926
F47096,607.08435
F47097,631.61523
F47098,583.8212
F47099,767.00757
F47100,711.91907
F47101,624.9929
F47102,374.1495
F47103,936.8716
F47104,627.4214
F47105,367.3327
F47106,751.9403
F47107,678.76227
F47108,799.6491
F47109,450.40247
F47110,478.4467
F47111,632.2275
F47112,274.0094
F47113,561.24713
F47114,404.0132
F47115,555.5717
F47116,358.67773
F47117,651.92804
F47118,371.774
F47119,354.50235
F47120,294.388
F47121,603.26746
F47122,428.53494
F47123,692.9511
F47124,713.0436
F47125,435.34677
F47126,852.9037
F47127,619.8791
F47128,528.40686
F47129,673.0417
F47130,410.0462
F47131,367.55792
F47132,410.54504
F47133,806.2468
F47134,417.40506
F47135,509.0803
F47136,484.65445
F47137,856.7662
F47138,659.3967
F47139,655.04456
F47140,333.70688
F47141,611.92084
F47142,643.59546
F47143,455.84497
F47144,295.4606
F47145,585.8088
F47146,782.2844
F47147,363.09683
F47148,541.4205
F47149,432.9969
F47150,574.3159
F47151,777.1831
F47152,630.2006
F47153,717.08295
F47154,660.27423
F47155,430.29794
F47156,478.61
F47157,498.02957
F47158,653.0701
F47159,484.53223
F47160,420.54565
F47161,741.6229
F47162,704.89935
F47163,372.19223
F47164,719.9533
F47165,792.08136
F47166,811.9738
F47167,504.84937
F47168,843.4138
F47169,450.05664
F47170,431.37973
F47171,615.4164
F47172,495.74384
F47173,575.1005
F47174,688.85846
F47175,420.2712
F47176,582.23193
F47177,752.13446
F47178,386.8993
F47179,478.04953
F47180,729.4194
F47181,855.0906
F47182,548.0152
F47183,432.17346
F47184,516.7114
F47185,901.696
F47186,535.88715
F47187,366.31598
F47188,535.1758
F47189,652.0377
F47190,724.86194
F47191,520.6445
F47192,455.4142
F47193,402.6695
F47194,747.2476
F47195,661.6922
F47196,326.58807
F47197,296.09695
F47198,500.51898
F47199,687.39606
F47200,419.66245
F47201,566.37177
F47202,454.2115
F47203,423.91827
F47204,641.96747
F47205,761.12585
F47206,506.16968
F47207,479.4253
F47208,444.66663
F47209,406.8673
F47210,453.88458
F47211,718.9197
F47212,762.62933
F47213,553.0172
F47214,379.68506
F47215,519.0888
F47216,520.4557
F47217,644.0753
F47218,335.15872
F47219,600.96454
F47220,380.82816
F47221,397.4582
F47222,469.9121
F47223,525.6784
F47224,591.7137
F47225,597.87866
F47226,218.18144
F47227,350.60184
F47228,251.1052
F47229,786.2612
F47230,720.4753
F47231,573.2602
F47232,556.1079
F47233,658.51697
F47234,355.11148
F47235,462.30704
F47236,406.72394
F47237,441.45676
F47238,594.03503
F47239,416.36246
F47240,604.715
F47241,746.06396
F47242,592.6422
F47243,634.20435
F47244,225.41525
F47245,681.6303
F47246,1030.2888
F47247,461.23563
F47248,440.0182
F47249,600.1899
F47250,795.12885
F47251,542.55597
F47252,376.963
F47253,560.54095
F47254,402.54547
F47255,592.2414
F47256,575.65607
F47257,325.2776
F47258,366.9293
F47259,673.6449
F47260,675.0453
F47261,625.25366
F47262,432.92877
F47263,337.17487
F47264,558.8915
F47265,489.51413
F47266,796.2204
F47267,510.38406
F47268,545.4206
F47269,420.6766
F47270,695.41974
F47271,408.84482
F47272,359.33105
F47273,379.05124
F47274,374.7354
F47275,851.97614
F47276,653.67773
F47277,656.9818
F47278,642.50275
F47279,441.80707
F47280,573.59753
F47281,455.3577
F47282,621.3478
F47283,441.92175
F47284,722.6205
F47285,556.4574
F47286,560.8733
F47287,483.5041
F47288,407.06357
F47289,307.528
F47290,384.53848
F47291,474.8992
F47292,762.7758
F47293,485.4773
F47294,439.72507
F47295,840.6966
F47296,493.59763
F47297,379.65234
F47298,951.41266
F47299,593.34546
F47300,642.4208
F47301,594.3923
F47302,626.63
F47303,960.0014
F47304,656.27167
F47305,479.2713
F47306,636.055
F47307,584.02466
F47308,535.4652
F47309,390.76135
F47310,632.1862
F47311,382.82495
F47312,513.55646
F47313,907.47253
F47314,379.1616
F47315,461.31418
F47316,878.5401
F47317,609.80457
F47318,422.0964
F47319,484.39337
F47320,499.74823
F47321,496.5351
F47322,525.8797
F47323,787.5894
F47324,676.14465
F47325,506.0935
F47326,658.4593
F47327,896.2153
F47328,386.16956
F47329,423.97833
F47330,485.80923
F47331,516.0632
F47332,652.23444
F47333,416.68918
F47334,748.03595
F47335,385.65594
F47336,531.7667
F47337,566.8168
F47338,536.84485
F47339,425.5297
F47340,353.60492
F47341,703.2118
F47342,319.98785
F47343,605.4025
F47344,755.8353
F47345,479.70862
F47346,550.48865
F47347,457.80743
F47348,558.02075
F47349,499.0898
F47350,416.29776
F47351,1033.6951
F47352,763.69763
F47353,939.45197
F47354,715.74115
F47355,820.2297
F47356,631.29816
F47357,703.5143
F47358,745.2171
F47359,399.3656
F47360,808.0161
F47361,820.9991
F47362,621.23425
F47363,432.94553
F47364,771.86237
F47365,520.32947
F47366,553.4293
F47367,742.72974
F47368,785.30035
F47369,748.1337
F47370,584.61487
F47371,709.60114
F47372,661.21954
F47373,375.20688
F47374,443.3663
F47375,799.53894
F47376,425.923
F47377,499.4074
F47378,921.5798
F47379,776.79987
F47380,495.79462
F47381,610.0936
F47382,586.62885
F47383,409.79123
F47384,582.54956
F47385,435.3409
F47386,717.4404
F47387,706.23157
F47388,1023.9246
F47389,667.9366
F47390,370.11206
F47391,517.8475
F47392,367.59857
F47393,711.5054
F47394,444.88766
F47395,466.53156
F47396,634.84406
F47397,612.32654
F47398,530.88617
F47399,765.7282
F47400,395.0093
F47401,839.76447
F47402,237.92694
F47403,432.84842
F47404,1136.7455
F47405,653.91174
F47406,463.22134
F47407,415.21112
F47408,590.6838
F47409,338.4631
F47410,352.88602
F47411,427.55637
F47412,474.03564
F47413,407.38882
F47414,377.82373
F47415,622.32697
F47416,945.6815
F47417,648.7153
F47418,675.5723
F47419,754.6033
F47420,835.18854
F47421,296.97864
F47422,559.1108
F47423,752.7273
F47424,421.71472
F47425,554.83234
F47426,228.7909
F47427,1029.4028
F47428,817.1253
F47429,393.05322
F47430,356.9206
F47431,715.98474
F47432,462.60806
F47433,721.90063
F47434,913.4855
F47435,754.43115
F47436,988.2032
F47437,439.141
F47438,353.98578
F47439,730.38544
F47440,289.27747
F47441,443.01016
F47442,367.51178
F47443,665.9839
F47444,534.7681
F47445,356.47772
F47446,651.6974
F47447,644.3388
F47448,729.3335
F47449,625.1988
F47450,525.2367
F47451,901.65894
F47452,758.1538
F47453,310.85175
F47454,824.3532
F47455,702.7959
F47456,520.48553
F47457,483.8927
F47458,386.76645
F47459,734.0979
F47460,755.1129
F47461,611.47455
F47462,448.96375
F47463,597.30743
F47464,514.6734
F47465,533.0912
F47466,595.942
F47467,464.78372
F47468,550.21533
F47469,670.3248
F47470,725.02216
F47471,604.60077
F47472,827.7381
F47473,362.09366
F47474,501.9096
F47475,296.4681
F47476,528.26447
F47477,419.4716
F47478,515.2213
F47479,591.08923
F47480,697.1436
F47481,371.68082
F47482,488.8522
F47483,517.9667
F47484,715.525
F47485,563.7819
F47486,591.783
F47487,552.4305
F47488,539.3921
F47489,471.2367
F47490,360.89215
F47491,900.22705
F47492,456.34784
F47493,546.721
F47494,732.6152
F47495,590.19244
F47496,448.24954
F47497,540.026
F47498,601.5707
F47499,539.3067
F47500,454.7366
F47501,604.2571
F47502,687.5087
F47503,471.45148
F47504,631.27875
F47505,600.3222
F47506,956.3608
F47507,597.6419
F47508,657.3612
F47509,595.14954
F47510,502.7063
F47511,664.6668
F47512,763.07715
F47513,576.22186
F47514,540.8104
F47515,645.52716
F47516,423.45966
F47517,993.90204
F47518,457.22122
F47519,647.86035
F47520,838.64484
F47521,646.1974
F47522,674.86945
F47523,701.9838
F47524,898.37366
F47525,597.4809
F47526,470.3813
F47527,564.74176
F47528,729.6761
F47529,295.491
F47530,452.1962
F47531,808.81537
F47532,646.6632
F47533,496.80292
F47534,665.9091
F47535,510.52124
F47536,974.89215
F47537,486.5818
F47538,987.8765
F47539,744.5808
F47540,723.8827
F47541,630.8852
F47542,501.17566
F47543,468.84106
F47544,427.6937
F47545,762.46356
F47546,729.30457
F47547,789.37213
F47548,1056.2576
F47549,704.1434
F47550,706.46265
F47551,598.6593
F47552,469.86487
F47553,458.70987
F47554,847.1614
F47555,673.1249
F47556,548.84735
F47557,542.1442
F47558,460.2161
F47559,377.8676
F47560,683.2957
F47561,541.95264
F47562,590.8603
F47563,399.6336
F47564,452.35022
F47565,793.30676
F47566,606.029
F47567,368.46152
F47568,416.91327
F47569,472.10953
F47570,679.77185
F47571,598.3393
F47572,478.17688
F47573,718.71625
F47574,407.04202
F47575,601.5678
F47576,530.2576
F47577,343.20148
F47578,388.53522
F47579,644.61957
F47580,400.70035
F47581,424.40454
F47582,365.23758
F47583,354.92642
F47584,595.4543
F47585,451.08218
F47586,421.92914
F47587,663.95416
F47588,693.68665
F47589,837.719
F47590,725.4493
F47591,729.66534
F47592,495.0861
F47593,621.42944
F47594,1062.527
F47595,1016.2876
F47596,467.1661
F47597,643.4434
F47598,894.5103
F47599,352.5712
F47600,692.42444
F47601,439.4985
F47602,792.94415
F47603,562.77747
F47604,647.6215
F47605,506.3436
F47606,519.0465
F47607,513.3878
F47608,403.31857
F47609,393.5279
F47610,527.5667
F47611,490.8147
F47612,696.41315
F47613,608.4805
F47614,665.264
F47615,757.08826
F47616,565.0501
F47617,421.77167
F47618,353.42612
F47619,989.8126
F47620,679.50824
F47621,854.6504
F47622,741.9408
F47623,417.02448
F47624,750.5062
F47625,457.25812
F47626,910.6483
F47627,408.56534
F47628,502.94012
F47629,820.315
F47630,641.3087
F47631,406.5652
F47632,919.0562
F47633,539.8403
F47634,467.57697
F47635,411.31763
F47636,599.3129
F47637,553.85175
F47638,412.0522
F47639,645.9717
F47640,507.28915
F47641,500.4075
F47642,442.7822
F47643,447.55582
F47644,354.78857
F47645,484.65002
F47646,780.43835
F47647,510.2913
F47648,858.78406
F47649,512.1329
F47650,547.07074
F47651,845.194
F47652,592.8113
F47653,632.93134
F47654,755.5039
F47655,502.22806
F47656,867.2849
F47657,457.44516
F47658,738.3449
F47659,641.19434
F47660,463.81335
F47661,538.67926
F47662,673.98676
F47663,585.7173
F47664,581.0612
F47665,420.72055
F47666,641.0374
F47667,425.72668
F47668,580.6987
F47669,305.21423
F47670,681.06024
F47671,627.6726
F47672,636.5321
F47673,608.2226
F47674,566.2097
F47675,374.44034
F47676,467.38724
F47677,441.3084
F47678,783.2619
F47679,563.74255
F47680,490.30304
F47681,748.18384
F47682,396.54822
F47683,763.1688
F47684,629.2286
F47685,626.1009
F47686,617.6875
F47687,299.04367
F47688,480.33658
F47689,431.60382
F47690,752.7395
F47691,724.12085
F47692,718.42096
F47693,471.31
F47694,515.83167
F47695,402.68622
F47696,774.76654
F47697,563.9604
F47698,693.1836
F47699,1005.24585
F47700,554.84717
F47701,477.99268
F47702,430.37802
F47703,687.55035
F47704,718.7716
F47705,501.18246
F47706,601.9952
F47707,629.5217
F47708,512.3201
F47709,635.9947
F47710,536.5297
F47711,543.77826
F47712,408.0082
F47713,544.7998
F47714,732.5832
F47715,589.75885
F47716,355.7695
F47717,389.99338
F47718,388.5037
F47719,467.24185
F47720,619.175
F47721,865.7853
F47722,455.75854
F47723,811.86786
F47724,637.14185
F47725,489.77444
F47726,754.5298
F47727,321.51898
F47728,823.6118
F47729,377.06744
F47730,840.24286
F47731,400.2764
F47732,310.10086
F47733,473.7594
F47734,629.43494
F47735,629.7618
F47736,339.13373
F47737,501.9379
F47738,491.61032
F47739,576.9096
F47740,592.29956
F47741,692.60956
F47742,626.14514
F47743,752.1966
F47744,527.11304
F47745,590.8118
F47746,612.63354
F47747,658.89087
F47748,337.37418
F47749,392.79782
F47750,710.9334
F47751,742.81323
F47752,911.4156
F47753,384.93295
F47754,492.40607
F47755,256.40094
F47756,414.994
F47757,502.79236
F47758,552.33844
F47759,423.88766
F47760,588.39014
F47761,545.8991
F47762,492.43768
F47763,616.0567
F47764,333.82806
F47765,668.29736
F47766,704.125
F47767,799.3355
F47768,479.33124
F47769,432.25803
F47770,681.12
F47771,754.37213
F47772,597.42487
F47773,580.6281
F47774,770.9829
F47775,414.0793
F47776,412.72403
F47777,652.77185
F47778,370.67624
F47779,772.2863
F47780,611.29675
F47781,566.57965
F47782,688.897
F47783,420.70688
F47784,835.5737
F47785,836.82465
F47786,499.15732
F47787,286.4444
F47788,465.3062
F47789,611.28284
F47790,369.06168
F47791,549.28656
F47792,385.0865
F47793,368.15326
F47794,663.5368
F47795,391.1249
F47796,424.05106
F47797,339.8557
F47798,725.8501
F47799,571.0766
F47800,672.7973
F47801,231.37259
F47802,276.81363
F47803,493.47318
F47804,868.7333
F47805,649.56256
F47806,966.5747
F47807,458.04614
F47808,430.64902
F47809,567.75323
F47810,393.54813
F47811,574.02057
F47812,564.8403
F47813,415.24344
F47814,576.04144
F47815,610.28265
F47816,606.04205
F47817,368.9258
F47818,474.95102
F47819,798.9311
F47820,572.26654
F47821,439.9031
F47822,924.8599
F47823,820.0892
F47824,690.6359
F47825,627.75073
F47826,751.6675
F47827,847.8696
F47828,443.23132
F47829,563.939
F47830,602.46747
F47831,528.0662
F47832,416.60513
F47833,328.86612
F47834,610.0904
F47835,583.02
F47836,625.66473
F47837,492.17114
F47838,410.62875
F47839,208.8152
F47840,558.05414
F47841,648.1194
F47842,548.9474
F47843,369.07867
F47844,453.29868
F47845,624.89154
F47846,793.4264
F47847,378.21005
F47848,277.54517
F47849,852.1969
F47850,310.83737
F47851,461.3086
F47852,643.64435
F47853,602.9431
F47854,471.25018
F47855,509.68286
F47856,529.57074
F47857,514.57404
F47858,468.12054
F47859,562.29193
F47860,417.28497
F47861,687.66846
F47862,910.6456
F47863,761.98334
F47864,568.13214
F47865,527.2369
F47866,735.6017
F47867,560.3972
F47868,624.5171
F47869,378.65668
F47870,403.92618
F47871,385.3206
F47872,696.9898
F47873,890.80225
F47874,493.92554
F47875,427.11087
F47876,640.6244
F47877,560.8485
F47878,309.80017
F47879,371.0923
F47880,482.76355
F47881,417.90598
F47882,584.3129
F47883,519.1981
F47884,601.40894
F47885,423.86734
F47886,487.83063
F47887,661.8074
F47888,513.66473
F47889,474.06137
F47890,682.9469
F47891,1040.231
F47892,373.47858
F47893,317.0058
F47894,598.3063
F47895,324.9033
F47896,383.04428
F47897,396.6564
F47898,598.80865
F47899,629.8268
F47900,374.6508
F47901,409.12778
F47902,570.72986
F47903,607.6733
F47904,641.81445
F47905,756.4659
F47906,715.2442
F47907,463.05774
F47908,527.0054
F47909,633.51715
F47910,566.69806
F47911,757.34015
F47912,676.1735
F47913,417.5971
F47914,785.1747
F47915,724.60736
F47916,615.0461
F47917,571.27856
F47918,564.34186
F47919,509.4148
F47920,498.59204
F47921,514.4582
F47922,848.2395
F47923,406.7964
F47924,403.7831
F47925,312.05908
F47926,601.4886
F47927,639.2729
F47928,488.3204
F47929,516.3186
F47930,632.57855
F47931,630.8238
F47932,532.62354
F47933,709.52844
F47934,571.0825
F47935,532.2789
F47936,716.26697
F47937,474.91827
F47938,748.48645
F47939,539.6353
F47940,813.0511
F47941,472.44995
F47942,582.2988
F47943,465.25183
F47944,805.752
F47945,382.79446
F47946,734.12476
F47947,564.7377
F47948,466.05783
F47949,372.49854
F47950,491.3504
F47951,405.5753
F47952,477.4442
F47953,433.63696
F47954,689.88367
F47955,460.37326
F47956,428.0531
F47957,688.92145
F47958,692.5745
F47959,583.08374
F47960,724.6915
F47961,436.8552
F47962,583.14453
F47963,643.139
F47964,553.71326
F47965,576.9761
F47966,425.44037
F47967,807.16034
F47968,551.62506
F47969,627.7926
F47970,442.6318
F47971,632.408
F47972,387.25482
F47973,396.98785
F47974,650.3508
F47975,749.9227
F47976,841.601
F47977,689.7203
F47978,624.0349
F47979,706.4084
F47980,305.13785
F47981,279.71973
F47982,445.40314
F47983,564.50006
F47984,684.45013
F47985,650.81805
F47986,627.1057
F47987,591.758
F47988,481.15762
F47989,682.22754
F47990,380.3056
F47991,524.55304
F47992,580.69794
F47993,937.89
F47994,318.14896
F47995,678.8047
F47996,719.90985
F47997,570.7624
F47998,494.53683
F47999,708.85034
F48000,607.87775
F48001,670.5179
F48002,395.9446
F48003,557.6952
F48004,490.14932
F48005,605.799
F48006,390.29388
F48007,709.3464
F48008,860.2123
F48009,689.7867
F48010,685.7697
F48011,618.3426
F48012,454.9396
F48013,520.45435
F48014,299.70215
F48015,627.5333
F48016,454.8962
F48017,873.94055
F48018,656.97504
F48019,639.0249
F48020,349.98508
F48021,336.39642
F48022,401.2257
F48023,467.65842
F48024,379.4007
F48025,597.0931
F48026,360.64142
F48027,525.9561
F48028,377.80707
F48029,546.90485
F48030,707.5057
F48031,585.1387
F48032,358.51965
F48033,557.74304
F48034,654.24286
F48035,598.1198
F48036,564.2594
F48037,766.5492
F48038,493.2895
F48039,356.73944
F48040,454.36224
F48041,1014.95917
F48042,393.26785
F48043,443.3884
F48044,503.45752
F48045,502.8475
F48046,435.2716
F48047,576.2998
F48048,586.3635
F48049,616.5525
F48050,877.5476
F48051,733.1189
F48052,467.42987
F48053,846.28613
F48054,624.66797
F48055,622.3457
F48056,623.1931
F48057,439.38458
F48058,933.2958
F48059,664.12885
F48060,384.02197
F48061,755.8844
F48062,624.72424
F48063,399.16278
F48064,439.8821
F48065,480.14423
F48066,369.4984
F48067,571.7219
F48068,719.2973
F48069,678.171
F48070,327.55453
F48071,424.20007
F48072,745.56067
F48073,481.40228
F48074,563.3907
F48075,610.052
F48076,866.1841
F48077,590.25226
F48078,788.0394
F48079,463.93118
F48080,593.9553
F48081,601.7331
F48082,582.4131
F48083,527.14435
F48084,462.40213
F48085,594.8126
F48086,342.82193
F48087,537.0465
F48088,793.47845
F48089,661.0206
F48090,570.2071
F48091,452.90503
F48092,487.0904
F48093,343.62128
F48094,516.4127
F48095,536.83386
F48096,701.7681
F48097,453.27142
F48098,655.9691
F48099,656.5236
F48100,371.7133
F48101,726.9515
F48102,432.4862
F48103,728.34033
F48104,536.64716
F48105,340.32422
F48106,560.23206
F48107,421.4812
F48108,506.8026
F48109,403.08698
F48110,627.208
F48111,316.0254
F48112,439.30508
F48113,689.5328
F48114,447.12518
F48115,416.3168
F48116,407.80136
F48117,536.0225
F48118,375.90872
F48119,453.57123
F48120,348.63852
F48121,748.1516
F48122,623.3943
F48123,608.1151
F48124,833.6268
F48125,620.2436
F48126,430.45438
F48127,602.0366
F48128,630.56177
F48129,563.3428
F48130,541.35394
F48131,688.68225
F48132,851.03827
F48133,820.2013
F48134,337.65228
F48135,855.9148
F48136,566.2959
F48137,537.03815
F48138,405.47253
F48139,546.20966
F48140,499.96414
F48141,583.7212
F48142,485.29776
F48143,736.67194
F48144,506.01428
F48145,401.8707
F48146,920.47736
F48147,540.4585
F48148,839.1253
F48149,421.93707
F48150,460.55954
F48151,764.9225
F48152,597.7894
F48153,709.64703
F48154,303.20526
F48155,413.03796
F48156,928.1448
F48157,672.83167
F48158,685.36487
F48159,359.3628
F48160,483.54565
F48161,254.94113
F48162,505.39294
F48163,634.7068
F48164,709.50586
F48165,904.5619
F48166,806.35516
F48167,661.5476
F48168,336.76508
F48169,398.6017
F48170,544.8997
F48171,652.76587
F48172,1090.3263
F48173,750.963
F48174,626.80475
F48175,521.81274
F48176,492.6888
F48177,711.31366
F48178,438.0264
F48179,530.9047
F48180,441.40378
F48181,736.7315
F48182,978.9885
F48183,414.73486
F48184,605.2112
F48185,461.53152
F48186,421.84067
F48187,623.6362
F48188,328.70816
F48189,343.60953
F48190,757.7035
F48191,642.37354
F48192,464.08865
F48193,308.29736
F48194,467.04108
F48195,322.9317
F48196,631.8224
F48197,470.29785
F48198,453.9
F48199,366.50412
F48200,489.86917
F48201,627.28754
F48202,578.4478
F48203,521.2447
F48204,566.38214
F48205,657.057
F48206,322.79874
F48207,560.7667
F48208,556.9284
F48209,830.6533
F48210,546.2567
F48211,718.31036
F48212,704.40125
F48213,583.4929
F48214,360.87186
F48215,865.6119
F48216,349.7372
F48217,273.39587
F48218,872.15845
F48219,511.3166
F48220,582.391
F48221,586.77026
F48222,776.93884
F48223,841.3143
F48224,650.7329
F48225,548.0418
F48226,521.3306
F48227,851.7189
F48228,318.37494
F48229,711.88055
F48230,702.3131
F48231,521.0844
F48232,608.8268
F48233,473.58932
F48234,754.79724
F48235,397.96634
F48236,713.04395
F48237,488.96133
F48238,597.50543
F48239,537.0218
F48240,313.19556
F48241,960.397
F48242,420.83966
F48243,372.66617
F48244,666.53186
F48245,582.90894
F48246,673.5034
F48247,379.47556
F48248,761.4546
F48249,652.3238
F48250,723.07715
F48251,501.6114
F48252,514.42957
F48253,611.99146
F48254,662.64996
F48255,643.3252
F48256,433.16296
F48257,619.8313
F48258,587.8481
F48259,520.8875
F48260,452.5273
F48261,583.3496
F48262,609.94507
F48263,609.4352
F48264,378.7303
F48265,401.15582
F48266,571.776
F48267,596.3059
F48268,359.8306
F48269,377.05508
F48270,691.4928
F48271,532.94617
F48272,497.7462
F48273,598.7234
F48274,234.39482
F48275,655.7747
F48276,447.8816
F48277,527.8511
F48278,634.6379
F48279,235.04146
F48280,546.2819
F48281,774.6216
F48282,485.38544
F48283,715.3038
F48284,324.7872
F48285,488.19098
F48286,782.0561
F48287,318.90695
F48288,681.85254
F48289,568.75323
F48290,615.2896
F48291,813.22284
F48292,1021.8661
F48293,505.22675
F48294,685.86884
F48295,579.6419
F48296,503.41586
F48297,471.44693
F48298,675.39435
F48299,669.02686
F48300,720.5766
F48301,381.6918
F48302,458.85217
F48303,566.1067
F48304,369.8712
F48305,610.18195
F48306,610.8021
F48307,491.5848
F48308,628.2692
F48309,777.63495
F48310,632.68555
F48311,528.0703
F48312,460.8279
F48313,288.51666
F48314,734.967
F48315,696.6188
F48316,748.17224
F48317,832.27856
F48318,713.33984
F48319,876.98096
F48320,451.13336
F48321,794.2151
F48322,382.19083
F48323,677.2533
F48324,721.75037
F48325,367.38034
F48326,613.70544
F48327,668.59283
F48328,394.30252
F48329,458.19556
F48330,652.26465
F48331,500.7023
F48332,408.02255
F48333,762.6739
F48334,520.41956
F48335,616.2236
F48336,556.33246
F48337,752.63074
F48338,730.29
F48339,818.3444
F48340,819.28723
F48341,507.6742
F48342,513.0679
F48343,433.00262
F48344,768.9079
F48345,520.41864
F48346,512.6964
F48347,554.3656
F48348,702.71844
F48349,412.00934
F48350,665.10016
F48351,586.2957
F48352,396.02545
F48353,472.0304
F48354,536.06995
F48355,485.48434
F48356,534.9403
F48357,558.8402
F48358,372.9154
F48359,708.83276
F48360,599.666
F48361,688.4925
F48362,392.02216
F48363,500.92642
F48364,895.3308
F48365,704.4014
F48366,323.76917
F48367,448.10934
F48368,867.68317
F48369,451.48572
F48370,1111.3251
F48371,801.4818
F48372,791.46765
F48373,693.6627
F48374,736.29346
F48375,346.4872
F48376,519.5822
F48377,628.4201
F48378,819.51166
F48379,421.3878
F48380,627.90186
F48381,434.3917
F48382,694.2147
F48383,391.18777
F48384,729.21924
F48385,525.4313
F48386,591.8397
F48387,534.5428
F48388,796.5481
F48389,422.81015
F48390,761.3055
F48391,730.70844
F48392,696.29486
F48393,620.2322
F48394,700.1489
F48395,647.8318
F48396,467.40918
F48397,611.46655
F48398,371.18085
F48399,673.5361
F48400,614.1707
F48401,682.7688
F48402,516.2548
F48403,443.5416
F48404,514.175
F48405,549.53467
F48406,535.33105
F48407,400.4191
F48408,536.0071
F48409,666.3931
F48410,513.136
F48411,464.8626
F48412,759.15015
F48413,522.99896
F48414,751.80035
F48415,607.1866
F48416,858.16534
F48417,579.1445
F48418,410.58667
F48419,466.54327
F48420,535.8781
F48421,557.31805
F48422,447.3901
F48423,650.14667
F48424,298.14163
F48425,728.7465
F48426,520.905
F48427,363.5098
F48428,654.283
F48429,649.52625
F48430,686.9782
F48431,557.53253
F48432,741.25
F48433,686.9214
F48434,639.685
F48435,577.2034
F48436,819.49164
F48437,710.255
F48438,466.5682
F48439,515.9586
F48440,474.2136
F48441,497.5084
F48442,698.00916
F48443,408.792
F48444,600.72833
F48445,860.07837
F48446,777.65497
F48447,596.43445
F48448,423.39673
F48449,562.1505
F48450,497.1609
F48451,512.0268
F48452,413.70602
F48453,616.06696
F48454,626.24347
F48455,697.2484
F48456,344.04407
F48457,517.02826
F48458,730.2774
F48459,410.03183
F48460,840.0915
F48461,503.96478
F48462,369.02673
F48463,340.12692
F48464,444.85638
F48465,458.37442
F48466,692.98035
F48467,592.6557
F48468,372.45795
F48469,689.8702
F48470,702.40106
F48471,450.748
F48472,474.1223
F48473,613.6775
F48474,643.5425
F48475,662.8711
F48476,814.8569
F48477,596.1296
F48478,696.8363
F48479,618.2428
F48480,402.8506
F48481,328.15378
F48482,483.3004
F48483,669.9
F48484,400.7633
F48485,358.71216
F48486,744.2686
F48487,693.09625
F48488,511.80188
F48489,553.50244
F48490,450.30148
F48491,753.1199
F48492,1035.0457
F48493,721.7855
F48494,769.78406
F48495,748.51776
F48496,598.46094
F48497,348.6442
F48498,504.8048
F48499,288.7969
F48500,542.087
F48501,811.53485
F48502,769.8796
F48503,378.91394
F48504,298.05023
F48505,709.3409
F48506,364.3757
F48507,343.82883
F48508,647.705
F48509,412.17166
F48510,384.15073
F48511,722.74744
F48512,601.12616
F48513,697.70575
F48514,369.06213
F48515,588.40344
F48516,420.3044
F48517,591.2705
F48518,388.8065
F48519,803.69574
F48520,581.92523
F48521,493.43634
F48522,723.14557
F48523,277.79462
F48524,507.7591
F48525,302.39056
F48526,685.7912
F48527,473.94977
F48528,512.03827
F48529,870.4062
F48530,500.4479
F48531,459.3527
F48532,572.77655
F48533,421.81534
F48534,415.40576
F48535,510.99918
F48536,408.8059
F48537,352.81937
F48538,810.4371
F48539,429.4591
F48540,317.1022
F48541,719.0892
F48542,561.9273
F48543,902.46375
F48544,639.6769
F48545,377.40295
F48546,563.1883
F48547,715.9258
F48548,730.04504
F48549,523.6248
F48550,898.1159
F48551,463.58582
F48552,674.46094
F48553,651.1075
F48554,767.6975
F48555,489.15576
F48556,312.70425
F48557,688.37585
F48558,607.3792
F48559,918.00635
F48560,640.67004
F48561,976.6273
F48562,544.0216
F48563,660.70654
F48564,651.3901
F48565,587.50793
F48566,442.4702
F48567,492.11768
F48568,275.14197
F48569,501.34586
F48570,712.576
F48571,450.12833
F48572,517.4793
F48573,499.70093
F48574,557.98114
F48575,488.08603
F48576,622.14606
F48577,859.30286
F48578,437.60162
F48579,719.9682
F48580,504.25275
F48581,719.22003
F48582,552.31946
F48583,701.0268
F48584,452.68698
F48585,568.3005
F48586,406.4479
F48587,595.5443
F48588,789.8325
F48589,686.5889
F48590,932.985
F48591,665.87866
F48592,495.52243
F48593,400.8159
F48594,521.85095
F48595,405.7239
F48596,507.26755
F48597,793.517
F48598,392.15778
F48599,440.74344
F48600,333.5197
F48601,502.32053
F48602,562.0882
F48603,650.4562
F48604,443.93127
F48605,464.32556
F48606,539.2152
F48607,789.0786
F48608,525.97485
F48609,331.72675
F48610,609.3497
F48611,458.4151
F48612,833.926
F48613,732.90344
F48614,707.92676
F48615,680.26636
F48616,547.17346
F48617,504.50546
F48618,717.0103
F48619,579.84827
F48620,575.7249
F48621,384.88364
F48622,754.9446
F48623,731.4356
F48624,605.253
F48625,481.23672
F48626,415.69302
F48627,451.17365
F48628,553.53644
F48629,425.49286
F48630,357.27612
F48631,408.89764
F48632,905.3183
F48633,736.3803
F48634,848.8501
F48635,468.9302
F48636,521.3151
F48637,531.28546
F48638,604.1398
F48639,198.1806
F48640,424.1854
F48641,643.6076
F48642,522.809
F48643,458.81003
F48644,759.8314
F48645,562.091
F48646,611.8844
F48647,582.5349
F48648,465.6019
F48649,754.97095
F48650,555.6533
F48651,729.2822
F48652,609.73114
F48653,695.35925
F48654,784.781
F48655,674.7033
F48656,380.77216
F48657,593.63635
F48658,442.27625
F48659,391.06497
F48660,674.9417
F48661,362.0477
F48662,694.46106
F48663,601.06036
F48664,391.22018
F48665,472.73807
F48666,613.7013
F48667,360.76273
F48668,346.10968
F48669,422.39948
F48670,659.13513
F48671,728.7476
F48672,555.8122
F48673,625.2919
F48674,465.74197
F48675,697.91003
F48676,766.36017
F48677,607.88513
F48678,482.44833
F48679,511.42224
F48680,554.2829
F48681,345.241
F48682,607.6646
F48683,344.57437
F48684,505.95395
F48685,701.14874
F48686,828.01685
F48687,555.7209
F48688,635.7108
F48689,602.1419
F48690,722.1937
F48691,391.7164
F48692,704.22876
F48693,431.3342
F48694,294.36615
F48695,652.05396
F48696,266.4525
F48697,535.17786
F48698,670.7795
F48699,224.20938
F48700,276.79834
F48701,798.3949
F48702,854.07983
F48703,384.27618
F48704,460.62085
F48705,586.1009
F48706,518.8978
F48707,915.51514
F48708,648.42505
F48709,320.21103
F48710,272.66943
F48711,685.2831
F48712,644.7997
F48713,414.6549
F48714,581.3744
F48715,705.9857
F48716,526.9771
F48717,418.233
F48718,791.94824
F48719,289.78766
F48720,612.68756
F48721,804.51086
F48722,715.6969
F48723,423.81412
F48724,506.78726
F48725,512.2652
F48726,518.1257
F48727,867.6713
F48728,473.14252
F48729,511.41693
F48730,514.1355
F48731,264.48645
F48732,634.9952
F48733,320.31976
F48734,662.3583
F48735,464.4867
F48736,245.37643
F48737,546.64624
F48738,586.6215
F48739,1025.4745
F48740,850.8204
F48741,583.3331
F48742,426.3405
F48743,987.4513
F48744,381.84644
F48745,617.84106
F48746,764.48004
F48747,675.77936
F48748,399.59824
F48749,629.522
F48750,669.985
F48751,593.13715
F48752,601.8555
F48753,547.2
F48754,439.4625
F48755,427.11316
F48756,730.1816
F48757,714.7726
F48758,408.94174
F48759,564.5857
F48760,413.23264
F48761,429.68253
F48762,780.50446
F48763,811.73126
F48764,605.2805
F48765,919.39136
F48766,552.10675
F48767,474.19766
F48768,239.92372
F48769,571.72705
F48770,425.8092
F48771,691.7324
F48772,502.3284
F48773,613.5916
F48774,637.48737
F48775,635.9984
F48776,557.78766
F48777,681.2038
F48778,678.06177
F48779,827.37103
F48780,606.05615
F48781,257.40695
F48782,489.42557
F48783,591.44006
F48784,572.9207
F48785,746.20734
F48786,615.1782
F48787,631.5223
F48788,474.67294
F48789,403.16833
F48790,511.8947
F48791,585.42737
F48792,575.4474
F48793,474.49417
F48794,492.65884
F48795,561.9762
F48796,789.8644
F48797,649.41003
F48798,546.34705
F48799,473.0182
F48800,750.064
F48801,576.14453
F48802,791.4351
F48803,470.99527
F48804,603.9514
F48805,844.47107
F48806,339.60126
F48807,487.65933
F48808,852.63275
F48809,766.9422
F48810,574.9381
F48811,783.03845
F48812,517.08673
F48813,351.59283
F48814,411.25162
F48815,593.37915
F48816,600.7199
F48817,790.2519
F48818,382.51004
F48819,668.3115
F48820,670.58276
F48821,465.5756
F48822,533.1091
F48823,548.27576
F48824,571.83344
F48825,704.66516
F48826,630.85486
F48827,612.0449
F48828,542.41394
F48829,629.30347
F48830,594.6559
F48831,827.45337
F48832,794.69507
F48833,499.00433
F48834,873.44684
F48835,454.10257
F48836,780.62354
F48837,480.20398
F48838,498.35297
F48839,457.8995
F48840,1106.9286
F48841,331.08853
F48842,489.73813
F48843,381.9281
F48844,553.6556
F48845,577.5601
F48846,727.7732
F48847,364.3361
F48848,603.59064
F48849,599.2727
F48850,514.6497
F48851,535.3082
F48852,834.62354
F48853,543.3708
F48854,298.67978
F48855,552.3279
F48856,430.29788
F48857,437.73743
F48858,637.88806
F48859,474.65585
F48860,592.1863
F48861,718.8531
F48862,578.71924
F48863,576.454
F48864,701.6192
F48865,478.42126
F48866,722.3414
F48867,784.2936
F48868,727.8315
F48869,710.04816
F48870,584.11884
F48871,712.30054
F48872,660.65094
F48873,356.07312
F48874,458.4798
F48875,587.6714
F48876,280.58795
F48877,969.3467
F48878,381.47342
F48879,401.0106
F48880,423.1588
F48881,869.95605
F48882,610.7158
F48883,260.03757
F48884,716.03815
F48885,806.3229
F48886,828.6265
F48887,706.1313
F48888,756.6525
F48889,414.94415
F48890,882.2537
F48891,545.8016
F48892,598.1652
F48893,676.1143
F48894,323.12054
F48895,731.0549
F48896,477.86905
F48897,567.21857
F48898,835.8188
F48899,716.82965
F48900,531.9756
F48901,675.60144
F48902,638.2217
F48903,421.48752
F48904,454.04382
F48905,415.05756
F48906,239.50703
F48907,470.80914
F48908,441.56238
F48909,657.2848
F48910,467.36606
F48911,678.54175
F48912,731.65
F48913,425.16605
F48914,646.4472
F48915,594.26
F48916,413.26865
F48917,564.16864
F48918,419.4928
F48919,403.89548
F48920,761.3695
F48921,818.42737
F48922,628.6873
F48923,410.65723
F48924,355.3988
F48925,293.13293
F48926,620.2023
F48927,642.2217
F48928,500.7177
F48929,484.3657
F48930,571.0458
F48931,556.0307
F48932,587.28217
F48933,752.7049
F48934,561.3305
F48935,844.01196
F48936,584.1403
F48937,744.0489
F48938,859.7492
F48939,563.46967
F48940,563.3954
F48941,683.9708
F48942,325.09372
F48943,747.1276
F48944,435.78757
F48945,630.09576
F48946,444.90744
F48947,367.93103
F48948,376.2736
F48949,688.03796
F48950,598.8285
F48951,402.7691
F48952,612.86884
F48953,726.2499
F48954,401.4468
F48955,680.1754
F48956,411.0593
F48957,341.02402
F48958,346.10175
F48959,698.3435
F48960,259.96237
F48961,366.76724
F48962,486.2366
F48963,489.66934
F48964,932.9353
F48965,996.5991
F48966,570.41547
F48967,890.55634
F48968,699.9145
F48969,577.13214
F48970,279.39725
F48971,474.3364
F48972,388.0981
F48973,490.3659
F48974,685.4402
F48975,242.84767
F48976,461.4266
F48977,398.63605
F48978,591.89984
F48979,502.40536
F48980,438.0734
F48981,451.35284
F48982,386.97177
F48983,584.39325
F48984,401.84326
F48985,699.92145
F48986,468.50513
F48987,588.41724
F48988,438.09116
F48989,521.3564
F48990,642.18066
F48991,801.5034
F48992,634.07635
F48993,743.87476
F48994,552.696
F48995,383.7823
F48996,335.95718
F48997,313.264
F48998,645.6771
F48999,531.4422
F49000,750.30835
F49001,491.82254
F49002,572.6498
F49003,796.41174
F49004,460.01294
F49005,489.21625
F49006,425.53445
F49007,358.6826
F49008,526.36743
F49009,1019.75604
F49010,604.4525
F49011,805.03864
F49012,697.6472
F49013,412.06335
F49014,466.22955
F49015,539.9783
F49016,433.08475
F49017,537.42847
F49018,924.8911
F49019,676.4106
F49020,549.6471
F49021,610.0203
F49022,700.91956
F49023,543.8484
F49024,657.55664
F49025,884.44916
F49026,469.1725
F49027,832.5413
F49028,515.06464
F49029,687.82574
F49030,502.133
F49031,525.91797
F49032,603.9542
F49033,363.31586
F49034,381.0167
F49035,738.9348
F49036,506.85452
F49037,437.76907
F49038,684.3369
F49039,471.7377
F49040,532.246
F49041,481.11423
F49042,798.57874
F49043,520.548
F49044,659.36926
F49045,608.50653
F49046,540.0397
F49047,692.2032
F49048,404.64197
F49049,392.1923
F49050,457.3596
F49051,419.16724
F49052,276.06635
F49053,463.58173
F49054,684.1196
F49055,566.3849
F49056,494.33054
F49057,449.71133
F49058,603.1731
F49059,424.85678
F49060,717.40173
F49061,650.18634
F49062,858.2091
F49063,657.2936
F49064,633.10223
F49065,825.42725
F49066,624.803
F49067,517.2029
F49068,514.8111
F49069,593.6887
F49070,547.5779
F49071,525.38715
F49072,469.64688
F49073,419.23468
F49074,559.2546
F49075,651.9941
F49076,666.55255
F49077,631.8457
F49078,608.0295
F49079,526.0824
F49080,639.1574
F49081,777.9419
F49082,608.19586
F49083,418.18546
F49084,428.85565
F49085,761.7987
F49086,838.41656
F49087,589.0375
F49088,735.4736
F49089,410.53775
F49090,859.1608
F49091,822.2287
F49092,504.81628
F49093,695.0159
F49094,661.5124
F49095,329.44824
F49096,819.5273
F49097,499.94974
F49098,603.6243
F49099,493.1426
F49100,418.15994
F49101,489.75238
F49102,638.67175
F49103,641.8082
F49104,441.20697
F49105,379.8507
F49106,577.3724
F49107,399.2076
F49108,743.6309
F49109,585.7249
F49110,593.9384
F49111,648.1511
F49112,533.5801
F49113,571.1543
F49114,461.3123
F49115,609.54694
F49116,588.3437
F49117,571.0067
F49118,496.83627
F49119,339.73544
F49120,432.9679
F49121,459.46317
F49122,706.56793
F49123,617.7211
F49124,378.30133
F49125,417.79904
F49126,557.0997
F49127,816.75037
F49128,887.0122
F49129,511.0271
F49130,506.1023
F49131,657.28815
F49132,489.466
F49133,911.10583
F49134,615.03357
F49135,629.0256
F49136,461.8835
F49137,488.75128
F49138,922.0878
F49139,596.16046
F49140,271.24246
F49141,614.4211
F49142,546.7677
F49143,622.6286
F49144,484.87393
F49145,700.01013
F49146,667.69055
F49147,553.9315
F49148,626.53705
F49149,670.8856
F49150,361.14056
F49151,897.9708
F49152,634.6917
F49153,457.88483
F49154,491.66626
F49155,469.4043
F49156,357.57755
F49157,424.1901
F49158,564.4938
F49159,567.293
F49160,246.82492
F49161,874.1003
F49162,296.9034
F49163,382.75876
F49164,537.9614
F49165,829.51794
F49166,641.6724
F49167,595.216
F49168,601.078
F49169,526.2729
F49170,323.1327
F49171,418.49292
F49172,581.41644
F49173,538.72766
F49174,414.9586
F49175,620.4001
F49176,636.7289
F49177,426.86633
F49178,586.6969
F49179,530.2412
F49180,583.688
F49181,705.85187
F49182,587.3317
F49183,708.5982
F49184,461.41406
F49185,354.7924
F49186,376.47205
F49187,876.2291
F49188,850.8044
F49189,632.8967
F49190,640.81085
F49191,610.6882
F49192,1108.8024
F49193,395.35135
F49194,455.38516
F49195,652.88635
F49196,664.06934
F49197,308.98575
F49198,779.15735
F49199,514.034
F49200,370.63867
F49201,405.57724
F49202,455.20428
F49203,387.1012
F49204,782.7897
F49205,721.039
F49206,1048.2246
F49207,540.9924
F49208,845.5115
F49209,708.50195
F49210,395.22534
F49211,577.9638
F49212,721.4512
F49213,583.4709
F49214,766.0022
F49215,356.63336
F49216,504.3226
F49217,563.47253
F49218,516.71295
F49219,744.0276
F49220,524.79626
F49221,456.73328
F49222,747.53314
F49223,705.89404
F49224,667.198
F49225,319.6996
F49226,657.04376
F49227,841.9847
F49228,433.96594
F49229,687.22614
F49230,764.5063
F49231,479.32486
F49232,242.7008
F49233,686.17456
F49234,592.5837
F49235,560.73016
F49236,622.1694
F49237,575.3738
F49238,464.81274
F49239,377.45844
F49240,541.143
F49241,556.7749
F49242,567.0793
F49243,247.26427
F49244,883.0921
F49245,398.05298
F49246,528.12195
F49247,847.65027
F49248,536.8803
F49249,577.8615
F49250,365.34848
F49251,435.4985
F49252,628.0422
F49253,430.5695
F49254,522.5208
F49255,550.1791
F49256,341.31494
F49257,298.56796
F49258,572.8484
F49259,453.46597
F49260,665.9854
F49261,452.34915
F49262,444.19522
F49263,675.11786
F49264,774.52527
F49265,801.58606
F49266,746.1716
F49267,303.2448
F49268,452.14807
F49269,275.6069
F49270,1059.5054
F49271,591.33264
F49272,834.39716
F49273,697.4524
F49274,382.80832
F49275,565.87604
F49276,333.09137
F49277,911.38525
F49278,267.35272
F49279,471.27518
F49280,600.39954
F49281,681.05304
F49282,619.46063
F49283,505.462
F49284,585.7392
F49285,307.18625
F49286,390.50958
F49287,490.1734
F49288,579.39545
F49289,398.4659
F49290,747.5712
F49291,435.7392
F49292,468.49142
F49293,688.4468
F49294,538.89825
F49295,314.10464
F49296,340.45236
F49297,645.75745
F49298,667.86755
F49299,390.2901
F49300,522.14624
F49301,589.2877
F49302,416.47348
F49303,712.7604
F49304,538.0442
F49305,312.96497
F49306,866.33514
F49307,519.3175
F49308,779.7912
F49309,434.77914
F49310,342.78934
F49311,637.435
F49312,455.96246
F49313,750.05634
F49314,662.3791
F49315,516.3433
F49316,512.8368
F49317,526.8831
F49318,262.30478
F49319,916.0032
F49320,633.9214
F49321,508.38568
F49322,733.18787
F49323,374.00162
F49324,762.63165
F49325,614.4118
F49326,454.94815
F49327,794.2617
F49328,523.99506
F49329,494.8191
F49330,759.47327
F49331,618.2654
F49332,476.2037
F49333,321.93933
F49334,428.32562
F49335,906.4052
F49336,404.02182
F49337,332.52505
F49338,959.92426
F49339,699.87994
F49340,745.86194
F49341,728.1507
F49342,411.8881
F49343,708.5317
F49344,495.1208
F49345,224.20871
F49346,388.5875
F49347,462.55933
F49348,471.29376
F49349,780.46124
F49350,413.395
F49351,362.19397
F49352,297.01443
F49353,727.48193
F49354,788.2568
F49355,565.7614
F49356,831.16705
F49357,491.8936
F49358,477.60663
F49359,784.7394
F49360,552.5964
F49361,537.3599
F49362,385.27936
F49363,675.88776
F49364,346.23312
F49365,711.8645
F49366,605.0672
F49367,441.6945
F49368,613.8631
F49369,552.2309
F49370,285.4675
F49371,412.39337
F49372,701.3149
F49373,411.08615
F49374,513.32446
F49375,476.44818
F49376,568.4006
F49377,915.7604
F49378,637.89294
F49379,458.64673
F49380,501.70435
F49381,533.808
F49382,941.2803
F49383,590.3671
F49384,394.9815
F49385,368.8875
F49386,732.2583
F49387,537.4979
F49388,823.9381
F49389,841.7706
F49390,470.1685
F49391,388.77966
F49392,922.6104
F49393,528.65625
F49394,460.5152
F49395,571.22394
F49396,690.2639
F49397,688.7755
F49398,441.7754
F49399,546.81036
F49400,437.28754
F49401,580.77026
F49402,383.70776
F49403,422.62555
F49404,635.1055
F49405,522.6628
F49406,790.89777
F49407,588.655
F49408,583.4957
F49409,584.46423
F49410,475.25528
F49411,342.96548
F49412,355.01782
F49413,442.9743
F49414,378.82758
F49415,398.276
F49416,388.9043
F49417,328.96606
F49418,458.14902
F49419,511.01962
F49420,811.6143
F49421,646.1383
F49422,336.30618
F49423,631.2755
F49424,456.30347
F49425,524.9656
F49426,494.96558
F49427,575.2891
F49428,355.13513
F49429,534.8921
F49430,576.95874
F49431,572.60693
F49432,361.5862
F49433,486.12366
F49434,766.4809
F49435,482.5529
F49436,335.52908
F49437,635.9341
F49438,571.3599
F49439,521.6517
F49440,434.4228
F49441,438.3867
F49442,760.31244
F49443,666.6557
F49444,641.14856
F49445,774.53235
F49446,616.17865
F49447,587.6705
F49448,540.9974
F49449,396.5961
F49450,528.1297
F49451,646.92487
F49452,653.2868
F49453,715.0568
F49454,724.52966
F49455,670.5409
F49456,608.4133
F49457,639.1297
F49458,657.42505
F49459,471.3139
F49460,576.0485
F49461,1090.0673
F49462,694.9994
F49463,424.59763
F49464,983.6943
F49465,281.5415
F49466,545.91284
F49467,549.589
F49468,530.7451
F49469,794.1959
F49470,403.65512
F49471,661.15607
F49472,717.1168
F49473,619.35114
F49474,730.95337
F49475,488.6903
F49476,453.62778
F49477,602.9928
F49478,310.44992
F49479,539.5385
F49480,303.74713
F49481,499.64087
F49482,454.5946
F49483,377.95462
F49484,340.5518
F49485,581.73157
F49486,334.07007
F49487,432.0063
F49488,635.65717
F49489,403.54715
F49490,454.3868
F49491,486.0225
F49492,691.3488
F49493,769.6778
F49494,586.4225
F49495,520.808
F49496,425.0569
F49497,453.14206
F49498,485.33896
F49499,414.10645
F49500,462.55917
F49501,814.5093
F49502,581.1685
F49503,513.9475
F49504,326.6173
F49505,682.9704
F49506,521.3163
F49507,469.21173
F49508,550.68115
F49509,265.57208
F49510,419.005
F49511,465.38867
F49512,545.6482
F49513,702.0455
F49514,548.53424
F49515,318.47336
F49516,567.84424
F49517,506.7705
F49518,565.9627
F49519,339.73322
F49520,966.7352
F49521,838.22034
F49522,683.5387
F49523,587.3417
F49524,475.29755
F49525,687.30994
F49526,489.05728
F49527,624.6942
F49528,593.34796
F49529,695.61755
F49530,368.86954
F49531,568.22296
F49532,706.11115
F49533,590.33417
F49534,854.0905
F49535,1125.8335
F49536,678.5192
F49537,558.4455
F49538,580.4793
F49539,554.68896
F49540,733.84436
F49541,412.9264
F49542,643.1888
F49543,340.80466
F49544,758.189
F49545,560.15485
F49546,567.828
F49547,497.34372
F49548,1070.5753
F49549,511.79022
F49550,391.3455
F49551,526.92285
F49552,397.98477
F49553,330.3555
F49554,312.7657
F49555,608.3551
F49556,673.6274
F49557,593.37006
F49558,653.23267
F49559,481.67923
F49560,606.96277
F49561,503.2929
F49562,674.2273
F49563,402.9084
F49564,376.8384
F49565,679.31
F49566,612.69275
F49567,396.75726
F49568,507.50604
F49569,354.13733
F49570,915.7082
F49571,327.5281
F49572,533.3398
F49573,760.07007
F49574,586.9477
F49575,685.33624
F49576,522.29034
F49577,921.8844
F49578,619.62634
F49579,612.77576
F49580,687.84674
F49581,363.414
F49582,591.75415
F49583,656.5218
F49584,463.14587
F49585,452.482
F49586,404.3214
F49587,236.26184
F49588,291.20627
F49589,703.73364
F49590,525.4568
F49591,684.42865
F49592,666.20386
F49593,348.43973
F49594,566.4799
F49595,318.38284
F49596,603.1477
F49597,812.5136
F49598,520.70685
F49599,614.5748
F49600,638.182
F49601,361.6922
F49602,325.99475
F49603,735.3629
F49604,461.6661
F49605,671.3482
F49606,401.7893
F49607,499.23404
F49608,361.01727
F49609,441.56158
F49610,575.22266
F49611,365.7704
F49612,389.47308
F49613,539.49695
F49614,601.8367
F49615,675.92804
F49616,317.77075
F49617,712.8864
F49618,263.8127
F49619,530.78937
F49620,665.3561
F49621,446.1478
F49622,617.1724
F49623,900.0675
F49624,747.7265
F49625,543.75385
F49626,657.4594
F49627,820.19525
F49628,350.18286
F49629,434.3326
F49630,266.25
F49631,493.62268
F49632,380.5475
F49633,742.1954
F49634,647.7393
F49635,715.6916
F49636,342.692
F49637,463.2996
F49638,904.0507
F49639,655.6314
F49640,748.93964
F49641,427.52667
F49642,471.20886
F49643,710.03796
F49644,399.14386
F49645,418.98767
F49646,914.34845
F49647,723.1762
F49648,774.9703
F49649,728.4931
F49650,534.16833
F49651,1194.2971
F49652,564.68994
F49653,590.8882
F49654,617.6942
F49655,596.2526
F49656,727.46344
F49657,617.549
F49658,673.8256
F49659,688.3915
F49660,274.52475
F49661,477.86597
F49662,571.99286
F49663,471.12024
F49664,738.4614
F49665,755.22046
F49666,576.3011
F49667,585.2702
F49668,366.47583
F49669,694.9386
F49670,580.7191
F49671,527.4728
F49672,649.9694
F49673,542.41437
F49674,561.38635
F49675,732.12897
F49676,457.83026
F49677,418.3898
F49678,427.4806
F49679,552.424
F49680,272.28958
F49681,670.7564
F49682,300.33237
F49683,751.93005
F49684,566.5548
F49685,647.5061
F49686,434.92032
F49687,690.50714
F49688,271.8057
F49689,720.57477
F49690,736.93695
F49691,709.79376
F49692,496.97382
F49693,700.3262
F49694,837.176
F49695,343.86197
F49696,836.9245
F49697,491.20084
F49698,527.58014
F49699,423.20886
F49700,447.01642
F49701,400.8454
F49702,633.96515
F49703,455.83572
F49704,416.73633
F49705,431.82855
F49706,657.64624
F49707,603.1383
F49708,307.58972
F49709,542.04175
F49710,493.74353
F49711,684.61096
F49712,591.90936
F49713,585.078
F49714,845.0473
F49715,438.81738
F49716,524.1422
F49717,817.4749
F49718,624.95874
F49719,619.2251
F49720,494.74738
F49721,485.061
F49722,582.9939
F49723,712.2864
F49724,614.52826
F49725,651.339
F49726,472.65604
F49727,673.95654
F49728,473.91373
F49729,754.77484
F49730,639.42035
F49731,441.35333
F49732,499.60904
F49733,669.4023
F49734,435.09924
F49735,706.3326
F49736,450.02878
F49737,557.0594
F49738,546.0512
F49739,719.31635
F49740,687.86584
F49741,572.8503
F49742,733.6648
F49743,393.30814
F49744,739.4209
F49745,682.56555
F49746,621.267
F49747,413.6662
F49748,560.6548
F49749,542.10236
F49750,435.92395
F49751,388.24445
F49752,650.52124
F49753,694.9262
F49754,448.34525
F49755,529.6241
F49756,692.4212
F49757,704.6832
F49758,533.05005
F49759,416.09323
F49760,498.41522
F49761,420.29315
F49762,446.8089
F49763,307.06232
F49764,687.57855
F49765,391.24094
F49766,682.6171
F49767,270.40125
F49768,497.95004
F49769,852.52594
F49770,662.8054
F49771,572.7725
F49772,596.3164
F49773,704.8379
F49774,558.6532
F49775,694.0767
F49776,655.46686
F49777,488.35928
F49778,891.1958
F49779,503.37192
F49780,333.3759
F49781,678.87274
F49782,482.791
F49783,406.7205
F49784,765.49396
F49785,432.25668
F49786,800.67755
F49787,351.68896
F49788,522.24835
F49789,799.8898
F49790,455.3587
F49791,429.72275
F49792,655.68787
F49793,388.533
F49794,532.4424
F49795,446.7887
F49796,541.9608
F49797,332.8274
F49798,583.4213
F49799,611.1825
F49800,469.86685
F49801,585.4515
F49802,439.3339
F49803,654.8709
F49804,711.3233
F49805,714.31836
F49806,469.68298
F49807,726.521
F49808,646.4568
F49809,594.65796
F49810,503.77945
F49811,471.29538
F49812,642.10004
F49813,518.92004
F49814,852.31616
F49815,743.2724
F49816,531.32764
F49817,617.0759
F49818,541.14594
F49819,833.5849
F49820,555.2588
F49821,369.0424
F49822,722.57666
F49823,700.55774
F49824,253.38698
F49825,369.5633
F49826,529.6566
F49827,668.137
F49828,404.69995
F49829,329.8011
F49830,776.72644
F49831,356.71185
F49832,699.66974
F49833,650.3506
F49834,307.12885
F49835,686.8829
F49836,539.1973
F49837,621.07587
F49838,717.7341
F49839,571.65875
F49840,464.94043
F49841,533.0174
F49842,758.9695
F49843,517.55164
F49844,652.78516
F49845,555.0276
F49846,545.3919
F49847,292.86972
F49848,447.93427
F49849,548.4696
F49850,676.5221
F49851,624.8262
F49852,489.51398
F49853,504.75793
F49854,880.8746
F49855,381.24243
F49856,911.4966
F49857,630.18036
F49858,508.45914
F49859,481.99176
F49860,539.7248
F49861,679.1348
F49862,553.18567
F49863,788.0237
F49864,977.95483
F49865,399.51352
F49866,684.79034
F49867,934.37775
F49868,546.0844
F49869,486.4514
F49870,492.71057
F49871,616.53235
F49872,599.84863
F49873,393.54688
F49874,717.50323
F49875,780.645
F49876,907.7198
F49877,469.76126
F49878,710.8864
F49879,480.97043
F49880,467.29617
F49881,429.05707
F49882,627.64746
F49883,612.0783
F49884,428.69162
F49885,364.19073
F49886,750.1241
F49887,812.7354
F49888,580.4187
F49889,631.27216
F49890,611.0997
F49891,322.6735
F49892,803.3176
F49893,311.33047
F49894,549.798
F49895,481.7492
F49896,478.39197
F49897,800.0382
F49898,740.55237
F49899,384.651
F49900,532.0091
F49901,684.6305
F49902,377.46368
F49903,557.5699
F49904,1033.8772
F49905,666.11847
F49906,333.05225
F49907,602.36456
F49908,748.69666
F49909,471.53488
F49910,618.83466
F49911,561.2499
F49912,608.90826
F49913,549.71454
F49914,709.71436
F49915,555.9217
F49916,459.41898
F49917,792.492
F49918,590.79926
F49919,368.76675
F49920,486.21854
F49921,506.30356
F49922,647.3857
F49923,535.00134
F49924,610.2119
F49925,1058.5471
F49926,630.6953
F49927,719.8588
F49928,434.75644
F49929,742.90094
F49930,893.33105
F49931,414.34143
F49932,376.58398
F49933,553.7399
F49934,630.52454
F49935,413.90833
F49936,440.7203
F49937,595.1851
F49938,600.44867
F49939,403.83405
F49940,555.8722
F49941,247.70233
F49942,639.0333
F49943,518.7972
F49944,484.70428
F49945,685.64624
F49946,414.0112
F49947,562.5182
F49948,278.8543
F49949,672.7341
F49950,650.94165
F49951,637.4664
F49952,603.0811
F49953,720.4161
F49954,558.93665
F49955,520.85986
F49956,601.70483
F49957,554.158
F49958,760.5767
F49959,717.3814
F49960,658.7029
F49961,468.60297
F49962,357.51337
F49963,463.03143
F49964,345.10336
F49965,686.29865
F49966,956.605
F49967,395.3271
F49968,759.4154
F49969,593.8295
F49970,967.94934
F49971,1050.8402
F49972,458.79407
F49973,553.6409
F49974,566.0605
F49975,385.9195
F49976,403.63586
F49977,442.8826
F49978,689.70593
F49979,659.0751
F49980,447.06976
F49981,730.8521
F49982,826.8656
F49983,666.3168
F49984,287.12302
F49985,674.6406
F49986,681.23615
F49987,517.52997
F49988,715.371
F49989,737.06635
F49990,588.65955
F49991,465.96826
F49992,484.98514
F49993,535.3272
F49994,499.42413
F49995,538.77954
F49996,786.55695
F49997,537.04816
F49998,344.07346
F49999,729.961
F50000,560.7283
